:020000040800F2
:1000000000000220792000083D1800083F18000871
:1000100041180008431800084518000800000000B7
:10002000000000000000000000000000114F000868
:100030004718000800000000B14F000815500008E4
:10004000C9200008C9200008C9200008C9200008EC
:10005000C9200008C9200008C9200008C9200008DC
:10006000C9200008C9200008C9200008C9200008CC
:1000700049180008C9200008C9200008C920000844
:10008000C9200008C9200008C9200008C9200008AC
:1000900059180008C9200008C9200008C920000814
:1000A000C9200008C9200008C9200008C92000088C
:1000B000C9200008C9200008C9200008C92000087C
:1000C000C9200008C9200008C9200008C92000086C
:1000D000C920000869180008C920000859810008D3
:1000E000C9200008C9200008C9200008C92000084C
:1000F000C9200008C9200008C9200008C92000083C
:10010000C9200008C9200008C9200008C92000082B
:10011000C9200008C9200008C92000087918000873
:10012000C92000088918000899180008C92000088B
:10013000C9200008C9200008C9200008C9200008FB
:10014000A9180008C9200008C9200008C920000813
:10015000C9200008B9180008C9180008D9180008F3
:10016000C9200008C9200008C9200008C9200008CB
:10017000C9200008C9200008C920000800000000AC
:08018000C9200008C920000895
:1001C00081F0004102E000BF83F0004330B54FEA08
:1001D00041044FEA430594EA050F08BF90EA020F75
:1001E0001FBF54EA000C55EA020C7FEA645C7FEA08
:1001F000655C00F0E2804FEA5454D4EB5555B8BF2B
:100200006D420CDD2C4480EA020281EA030382EA9B
:10021000000083EA010180EA020281EA0303362D2D
:1002200088BF30BD11F0004F4FEA01314FF4801C00
:100230004CEA113102D0404261EB410113F0004F12
:100240004FEA03334CEA133302D0524263EB4303C9
:1002500094EA050F00F0A780A4F10104D5F1200E67
:100260000DDB02FA0EFC22FA05F2801841F10001C2
:1002700003FA0EF2801843FA05F359410EE0A5F196
:1002800020050EF1200E012A03FA0EFC28BF4CF0C7
:10029000020C43FA05F3C01851EBE37101F000457D
:1002A00007D54FF0000EDCF1000C7EEB00006EEB8A
:1002B0000101B1F5801F1BD3B1F5001F0CD3490814
:1002C0005FEA30004FEA3C0C04F101044FEA44526B
:1002D00012F5800F80F09A80BCF1004F08BF5FEAF2
:1002E000500C50F1000041EB045141EA050130BDD2
:1002F0005FEA4C0C404141EB0101013C28BFB1F5E4
:10030000801FE9D291F0000F04BF01460020B1FA2E
:1003100081F308BF2033A3F10B03B3F120020CDA01
:100320000C3208DD02F1140CC2F10C0201FA0CF0DF
:1003300021FA02F10CE002F11402D8BFC2F1200C44
:1003400001FA02F120FA0CFCDCBF41EA0C019040FA
:10035000E41AA2BF01EB0451294330BD6FEA040443
:100360001F3C1CDA0C340EDC04F11404C4F120022E
:1003700020FA04F001FA02F340EA030021FA04F340
:1003800045EA030130BDC4F10C04C4F1200220FA97
:1003900002F001FA04F340EA0300294630BD21FAD5
:1003A00004F0294630BD94F0000F83F4801306BF9B
:1003B00081F480110134013D4EE77FEA645C18BF8F
:1003C0007FEA655C29D094EA050F08BF90EA020F26
:1003D00005D054EA000C04BF1946104630BD91EA1E
:1003E000030F1EBF0021002030BD5FEA545C05D121
:1003F0004000494128BF41F0004130BD14F5800460
:100400003CBF01F5801130BD01F0004545F0FE41D3
:1004100041F470014FF0000030BD7FEA645C1ABF08
:10042000194610467FEA655C1CBF0B46024650EA3F
:10043000013406BF52EA033591EA030F41F400216B
:1004400030BD00BF90F0000F04BF0021704730B5F1
:100450004FF4806404F132044FF000054FF00001C6
:1004600050E700BF90F0000F04BF0021704730B587
:100470004FF4806404F1320410F0004548BF40425C
:100480004FF000013EE700BF42004FEAE2014FEAB1
:1004900031014FEA02701FBF12F07F4393F07F4F8C
:1004A00081F06051704732F07F4208BF704793F08F
:1004B0007F4F04BF41F40021704730B54FF46074A2
:1004C00001F0004521F000411CE700BF50EA0102A5
:1004D00008BF704730B54FF000050AE050EA01024E
:1004E00008BF704730B511F0004502D5404261EBBE
:1004F00041014FF4806404F132045FEA915C3FF4FF
:10050000D8AE4FF003025FEADC0C18BF03325FEA9B
:10051000DC0C18BF033202EBDC02C2F1200300FA4C
:1005200003FC20FA02F001FA03FE40EA0E0021FA71
:1005300002F11444BDE600BF4FEA4102B2F1E043CC
:1005400024BFB3F5001CDCF1FE5C0DD901F0004CBA
:100550004FEAC0024CEA5070B2F1004F40EB83000A
:1005600008BF20F00100704711F0804F21D113F136
:100570003872BCBF01F00040704741F480114FEA6F
:100580005252C2F11802C2F1200C10FA0CF320FAF8
:1005900002F018BF40F001004FEAC1234FEAD32315
:1005A00003FA0CFC40EA0C0023FA02F34FEA43037F
:1005B000CCE77FEA625307D150EA01331EBF4FF008
:1005C000FE4040F44000704701F0004040F0FE4023
:1005D00040F40000704700BF53B94AB9002908BF72
:1005E00000281CBF4FF0FF314FF0FF3000F00CB877
:1005F000ADF1080C6DE904CE07F052FFDDF804E020
:10060000DDE9022304B07047704700BF844641EA29
:10061000000313F003036DD1403A41D351F8043B7A
:1006200040F8043B51F8043B40F8043B51F8043BCC
:1006300040F8043B51F8043B40F8043B51F8043BBC
:1006400040F8043B51F8043B40F8043B51F8043BAC
:1006500040F8043B51F8043B40F8043B51F8043B9C
:1006600040F8043B51F8043B40F8043B51F8043B8C
:1006700040F8043B51F8043B40F8043B51F8043B7C
:1006800040F8043B51F8043B40F8043B51F8043B6C
:1006900040F8043B51F8043B40F8043B403ABDD2DB
:1006A000303211D351F8043B40F8043B51F8043B7D
:1006B00040F8043B51F8043B40F8043B51F8043B3C
:1006C00040F8043B103AEDD20C3205D351F8043B0C
:1006D00040F8043B043AF9D2043208D0D2071CBFD8
:1006E00011F8013B00F8013B01D30B880380604601
:1006F000704700BF082A13D38B078DD010F0030377
:100700008AD0C3F10403D21ADB071CBF11F8013BE6
:1007100000F8013B80D331F8023B20F8023B7BE735
:10072000043AD9D3013A11F8013B00F8013BF9D260
:100730000B7803704B7843708B78837060467047FA
:1007400001F0FF01102A2BDB10F0070F08D010F882
:10075000013B013A8B422DD010F0070F42B3F6D186
:10076000F0B441EA012141EA014122F007047FF09F
:1007700000070023F0E80256083C85EA010586EAF6
:10078000010685FA47F5A3FA87F586FA47F6A5FA32
:1007900087F68EB9EED1F0BC01F0FF0102F007023E
:1007A00032B110F8013B013A83EA010313B1F8D1E9
:1007B0000020704701387047002D06BF35460338CA
:1007C000073815F0010F07D1013015F4807F02BF03
:1007D000013015F4C03F0130F0BC0138704700BF54
:1007E0000000000000000000000000000000000009
:1007F00000000000000000000000000000000000F9
:1008000030B490F800F020F007016FF0000C10F009
:10081000070491F820F040F048804FF000046FF09A
:100820000700D1E9002391F840F000F1080082FAB6
:100830004CF2A4FA8CF283FA4CF3A2FA8CF34BBB81
:10084000D1E9022382FA4CF200F10800A4FA8CF2FA
:1008500083FA4CF3A2FA8CF3E3B9D1E9042382FAC8
:100860004CF200F10800A4FA8CF283FA4CF3A2FADD
:100870008CF37BB9D1E9062301F1200182FA4CF215
:1008800000F10800A4FA8CF283FA4CF3A2FA8CF37C
:10089000002BC6D0002A04BF04301A4612BAB2FA9E
:1008A00082F200EBD20030BC7047D1E9002304F0A3
:1008B0000305C4F100004FEAC50514F0040F91F8D8
:1008C00040F00CFA05F562EA05021CBF63EA050375
:1008D00062464FF00004AAE770B54FF0FF0C4CF4ED
:1008E000E06C1CEA11541DBF1CEA135594EA0C0F6E
:1008F00095EA0C0F00F0DEF82C4481EA030621EAA9
:100900004C5123EA4C5350EA013518BF52EA0335E3
:1009100041F4801143F4801338D0A0FB02CE4FF095
:100920000005E1FB02E506F00042E0FB03E54FF0C5
:100930000006E1FB03569CF0000F18BF4EF0010EBD
:10094000A4F1FF04B6F5007F64F5407404D25FEAB9
:100950004E0E6D4146EB060642EAC62141EA55516C
:100960004FEAC52040EA5E504FEACE2EB4F1FD0CAE
:1009700088BFBCF5E06F1ED8BEF1004F08BF5FEA2C
:10098000500E50F1000041EB045170BD06F00046DE
:1009900046EA010140EA020081EA0301B4EB5C048B
:1009A000C2BFD4EB0C0541EA045170BD41F4801183
:1009B0004FF0000E013C00F3AB8014F1360FDEBFA8
:1009C000002001F0004170BDC4F10004203C35DA84
:1009D0000C341BDC04F11404C4F1200500FA05F307
:1009E00020FA04F001FA05F240EA020001F00042A8
:1009F00021F0004110EBD37021FA04F642EB06011E
:100A00005EEA430E08BF20EAD37070BDC4F10C0447
:100A1000C4F1200500FA04F320FA05F001FA04F20B
:100A200040EA020001F0004110EBD37041F10001F7
:100A30005EEA430E08BF20EAD37070BDC4F1200502
:100A400000FA05F24EEA020E20FA04F301FA05F26A
:100A500043EA020321FA04F001F0004121FA04F212
:100A600020EA020000EBD3705EEA430E08BF20EAE2
:100A7000D37070BD94F0000F0FD101F0004640001C
:100A800041EB010111F4801F08BF013CF7D041EA9E
:100A9000060195F0000F18BF704703F000465200A2
:100AA00043EB030313F4801F08BF013DF7D043EA73
:100AB0000603704794EA0C0F0CEA135518BF95EA29
:100AC0000C0F0CD050EA410618BF52EA4306D1D1B0
:100AD00081EA030101F000414FF0000070BD50EACF
:100AE000410606BF1046194652EA430619D094EA59
:100AF0000C0F02D150EA013613D195EA0C0F05D143
:100B000052EA03361CBF104619460AD181EA030196
:100B100001F0004141F0FE4141F470014FF000004E
:100B200070BD41F0FE4141F4780170BD70B54FF0E9
:100B3000FF0C4CF4E06C1CEA11541DBF1CEA135569
:100B400094EA0C0F95EA0C0F00F0A7F8A4EB05044B
:100B500081EA030E52EA03354FEA013100F0888042
:100B60004FEA03334FF0805545EA131343EA12630B
:100B70004FEA022245EA111545EA10654FEA0026C0
:100B80000EF000419D4208BF964244F1FD0404F579
:100B9000407402D25B084FEA3202B61A65EB0305D5
:100BA0005B084FEA32024FF480104FF4002CB6EB92
:100BB000020E75EB030E22BFB61A754640EA0C0012
:100BC0005B084FEA3202B6EB020E75EB030E22BF52
:100BD000B61A754640EA5C005B084FEA3202B6EB93
:100BE000020E75EB030E22BFB61A754640EA9C0052
:100BF0005B084FEA3202B6EB020E75EB030E22BF22
:100C0000B61A754640EADC0055EA060E18D04FEADF
:100C1000051545EA16754FEA06164FEAC30343EA7F
:100C200052734FEAC2025FEA1C1CC0D111F4801F4C
:100C30000BD141EA00014FF000004FF0004CB6E745
:100C400011F4801F04BF01430020B4F1FD0C88BFE4
:100C5000BCF5E06F3FF6AFAEB5EB030C04BFB6EBEF
:100C6000020C5FEA500C50F1000041EB045170BDE2
:100C70000EF0004E4EEA113114EB5C04C2BFD4EB0F
:100C80000C0541EA045170BD41F480114FF0000E93
:100C9000013C90E645EA060E8DE60CEA135594EA0F
:100CA0000C0F08BF95EA0C0F3FF43BAF94EA0C0F12
:100CB0000AD150EA01347FF434AF95EA0C0F7FF487
:100CC00025AF104619462CE795EA0C0F06D152EADB
:100CD00003353FF4FDAE1046194622E750EA4106BF
:100CE00018BF52EA43067FF4C5AE50EA41047FF4D0
:100CF0000DAF52EA43057FF4EBAE12E74FF0FF3C35
:100D000006E000BF4FF0010C02E000BF4FF0010C05
:100D10004DF804CD4FEA410C7FEA6C5C4FEA430C7E
:100D200018BF7FEA6C5C1BD001B050EA410C0CBFCD
:100D300052EA430C91EA030F02BF90EA020F00202F
:100D4000704710F1000F91EA030F58BF994208BF96
:100D500090422CBFD8176FEAE37040F00100704753
:100D60004FEA410C7FEA6C5C02D150EA013C07D1AA
:100D70004FEA430C7FEA6C5CD6D152EA033CD3D0F5
:100D80005DF8040B704700BF8446104662468C46EF
:100D90001946634600E000BF01B5FFF7B7FF002822
:100DA00048BF10F1000F01BD4DF808EDFFF7F4FF4B
:100DB0000CBF012000205DF808FB00BF4DF808EDD6
:100DC000FFF7EAFF34BF012000205DF808FB00BFF9
:100DD0004DF808EDFFF7E0FF94BF012000205DF81B
:100DE00008FB00BF4DF808EDFFF7CEFF94BF0120D0
:100DF00000205DF808FB00BF4DF808EDFFF7C4FFC9
:100E000034BF012000205DF808FB00BF4FEA410C11
:100E10007FEA6C5C02D150EA013C0AD14FEA430CF4
:100E20007FEA6C5C02D152EA033C02D14FF0000031
:100E300070474FF0010070474FEA410212F500126F
:100E400015D211D56FF47873B3EB625212D94FEA11
:100E5000C12343F0004343EA505311F0004F23FAFB
:100E600002F018BF404270474FF00000704750EA50
:100E7000013005D111F0004008BF6FF0004070470D
:100E80004FF00000704700BF0348044B834202D07C
:100E9000034B03B118477047C4070020C407002064
:100EA000000000000548064B1B1AD90F01EBA301F7
:100EB000491002D0034B03B118477047C407002004
:100EC000C40700200000000010B5064C237843B989
:100ED000FFF7DAFF044B13B10448AFF3008001239E
:100EE000237010BDC807002000000000E8020108C0
:100EF00008B5054B1BB105490548AFF30080BDE8B7
:100F00000840FFF7CFBF00BF00000000CC07002063
:100F1000E802010808B50D480D4B03600323436048
:100F200000238360C3604FF4102202614FF400126B
:100F30004261037643768376C3760377437701F085
:100F4000F1F800B908BD00F0C3FAFBE71008002073
:100F50000064004008B50D480D4B03600323436057
:100F600000238360C3604FF4102202614FF400122B
:100F70004261037643768376C3760377437701F045
:100F8000D1F800B908BD00F0A3FAFBE7E80700209C
:100F90000068004010B58AB00023059306930793BC
:100FA0000893099303683D4A934204D03C4A934214
:100FB00034D00AB010BD3B4A136801331360012BD3
:100FC0001FD000240194384B1A6B42F008021A63B8
:100FD0001B6B03F008030193019B0323059302227B
:100FE000069208930923099305A9304801F044FFAC
:100FF00022460521142001F0C9FC142001F0D6FC82
:10100000D7E700230093284B1A6C42F000721A6451
:101010001B6C03F000730093009BD2E70023029344
:10102000214B1A6C42F080621A641B6C03F08063DF
:101030000293029B1B4A136801331360012B20D0DB
:1010400000240494184B1A6B42F002021A631B6BC3
:1010500003F002030493049B602305930223069389
:10106000032308930923099305A9114801F004FFFC
:1010700022460521402001F089FC402001F096FC29
:1010800097E700230393084B1A6C42F000721A642E
:101090001B6C03F000730393039BD1E700640040D3
:1010A00000680040E407002000380240000C0240C5
:1010B0000004024010B582B0002400941E4B1A6B4D
:1010C00042F480021A631A6B02F480020092009AC2
:1010D00001941A6B42F400121A631B6B03F40013A1
:1010E0000193019B224605210C2001F04FFC0C20AE
:1010F00001F05CFC22460521392001F047FC392033
:1011000001F054FC224605213A2001F03FFC3A2030
:1011100001F04CFC22460521452001F037FC45201A
:1011200001F044FC22460521462001F02FFC462018
:1011300001F03CFC02B010BD0038024008B50120AF
:1011400003F045FEFBE70000034B0360034B0B601D
:1011500080231360704700BF380A00203808002041
:1011600010B5DCB0754C0DF5AA7CA646BEE80F00A4
:10117000ACE80F009EE807008CE80700002155A8A6
:1011800003F0F2FD6E4B18600DF59C7C04F11C0E13
:10119000BEE80F00ACE80F009EE807008CE80700EF
:1011A00000214EA803F0E0FD664B18600DF58E7C23
:1011B00004F1380EBEE80F00ACE80F009EE807000F
:1011C0008CE80700002147A803F0CEFD5E4B1860B5
:1011D0000DF5807C04F1540EBEE80F00ACE80F0062
:1011E0009EE807008CE80700002140A803F0BCFD42
:1011F000564B18600DF1E40C04F1700EBEE80F00C0
:10120000ACE80F009EE807008CE80700002139A831
:1012100003F0AAFD4E4B18600DF1C80C04F18C0EC2
:10122000BEE80F00ACE80F009EE807008CE807005E
:10123000002132A803F098FD464B18600DF1AC0C6C
:1012400004F1A80EBEE80F00ACE80F009EE807000E
:101250008CE8070000212BA803F086FD3E4B1860A8
:101260000DF1900C04F1C40EBEE80F00ACE80F00C5
:101270009EE807008CE80700002124A803F074FD15
:10128000364B18600DF1740C04F1E00EBEE80F004F
:10129000ACE80F009EE807008CE8070000211DA8BD
:1012A00003F062FD2E4B18600DF1580C04F1FC0E9A
:1012B000BEE80F00ACE80F009EE807008CE80700CE
:1012C000002116A803F050FD264B18600DF13C0CD0
:1012D00004F58C7EBEE80F00ACE80F009EE8070026
:1012E0008CE8070000210FA803F03EFD1E4B18609C
:1012F0000DF1200C04F59A7EBEE80F00ACE80F005B
:101300009EE807008CE80700002108A803F02CFDE8
:10131000164B18600DF1040C04F5A8740FCCACE862
:101320000F0094E807008CE80700002101A803F0F3
:101330001BFD0F4B18605CB010BD00BF000301081F
:10134000000C0020FC0B0020F80B0020F40B002008
:10135000F00B0020EC0B0020E80B0020E40B002039
:10136000E00B0020DC0B0020D80B0020D40B002069
:10137000D00B00202DE9F0418EB0002409940A948E
:101380000B940C940D940194464B1A6B42F002029C
:101390001A631A6B02F002020192019A02941A6B0C
:1013A00042F040021A631A6B02F040020292029A63
:1013B00003941A6B42F001021A631A6B02F00102E5
:1013C0000392039A04941A6B42F008021A631A6B90
:1013D00002F008020492049A05941A6B42F0040287
:1013E0001A631A6B02F004020592059A06941A6BAE
:1013F00042F480721A631A6B02F480720692069AA3
:1014000007941A6B42F080021A631A6B02F0800292
:101410000792079A08941A6B42F010021A631B6B2A
:1014200003F010030893089BDFF8888022464FF4EE
:10143000E051404601F016FE1B4F012210213846B4
:1014400001F010FE194E01221146304601F00AFE4D
:101450004FF4E053099301250A950B940C9409A9C4
:10146000404601F009FD102309930A950B950224CB
:101470000C9409A9384601F0FFFC302309934FF47E
:1014800088130A930B9509A9094801F0F5FC099501
:101490000A950B950C9409A9304601F0EDFC0EB0AD
:1014A000BDE8F08100380240000002400004024024
:1014B00000080240001C024008B50268034B9A4233
:1014C00000D008BD00F01CFEFBE700BF0014004088
:1014D00072B6FEE700B595B03022002108A807F0EB
:1014E00091FA0023039304930593069307930193C2
:1014F000204A116C41F080511164126C02F080524C
:101500000192019A02931C4B1A6842F480421A60BD
:101510001B6803F480430293029B012308934FF45A
:101520008033099302230E934FF480020F92062218
:101530001092A822119212930423139308A801F089
:10154000A1FD98B90F23039302230493002305936D
:101550004FF4A05306934FF480530793052103A83B
:1015600001F0E0FF20B915B05DF804FBFFF7B0FF14
:10157000FFF7AEFF003802400070004008B500F0F1
:10158000A5FDFFF7A7FFFFF7F5FEFFF793FD00F0BE
:10159000EFFB00F0CFFBFFF7BDFCFFF7DBFC00F03B
:1015A000AFFB00F093FA00F023FB00F063F82C4C43
:1015B000204602F0A1FB0021204602F0D9FE0421C2
:1015C000204602F0D5FE0821204602F0D1FE00217F
:1015D000204602F0CDFE234C204602F08DFB002178
:1015E000204602F0C5FE0421204602F0C1FE08217B
:1015F000204602F0BDFE01221B491C4803F096FB69
:1016000006F09CFD06F0A4FD194B186005F0DCFA0D
:1016100004F052FC05F006FD05F034FD05F062FD16
:1016200005F090FD05F0ECFD06F0BEF906F098F926
:1016300006F0E8F906F040FA06F050FA06F07EFAF5
:1016400006F0ACFA06F0DAFA06F008FB06F036FB14
:1016500006F096FEFFF784FD03F081FBFEE700BF76
:101660002C0E0020E40D0020040C0020E4100020CB
:101670003C0D002008B50F480F4B03604FF48273F8
:10168000436000238360C360022202610122426141
:101690004FF4007282613822C26103624362836246
:1016A0000A23C36202F0D6F800B908BDFFF710FFA5
:1016B000FBE700BF400D002000300140F0B589B0CD
:1016C00000230393049305930693079302681E4B2C
:1016D0009A4201D009B0F0BD0024009403F5843390
:1016E0005A6C42F480525A645A6C02F4805200924E
:1016F000009A01941A6B42F002021A631A6B02F00C
:1017000002020192019A02941A6B42F001021A63DA
:101710001B6B03F001030293029B18230393022720
:101720000497032606960525079503A9074801F0A7
:10173000A3FB80230393049705940696079503A9BA
:10174000034801F099FBC5E7003001400004024066
:101750000000024000B583B0002200920D4B596C8E
:1017600041F480415964596C01F480410091009921
:101770000192196C41F0805119641B6C03F0805385
:101780000193019B0F216FF0010001F0FFF803B0FE
:101790005DF804FB0038024030B589B004460023F0
:1017A0000193214B1A6C42F020021A641B6C03F067
:1017B00020030193019B02A903A801F089FF069B66
:1017C000CBB901F065FF0346184AA2FB03239B0C2B
:1017D000013B1748174A026040F2E732C26043609B
:1017E000002303618360836102F028FC054630B169
:1017F000284609B030BD01F04BFF4300E4E70C4838
:1018000002F0B8FA05460028F2D1372001F0CEF8F0
:101810000F2C01D90125EBE700222146372001F0EA
:10182000B5F8054B1C60E3E70038024083DE1B433C
:10183000980D0020001400401C000020FEE7FEE789
:10184000FEE7FEE7FEE7704708B5024801F026FA1A
:1018500008BD00BF340F002008B5024800F01AFF91
:1018600008BD00BF1008002008B5024803F06EF85C
:1018700008BD00BFE410002008B5024802F0C3FA1A
:1018800008BD00BF980D002008B5024801F006FA17
:1018900008BD00BF740E002008B5024801F0FEF933
:1018A00008BD00BFF40F002008B5024800F0F2FEAA
:1018B00008BD00BFE807002008B5024801F0EEF9B6
:1018C00008BD00BFD40E002008B5024801F0E6F9BB
:1018D00008BD00BF940F002008B5024803F036F899
:1018E00008BD00BF541000200120704708B507F064
:1018F00065F9162303604FF0FF3008BD08B54FF0BF
:10190000FF31FFF7F3FFFEE770B50C4616460025E2
:1019100006E0AFF30080214601F8010B01350C46CB
:10192000B542F6DB304670BD70B50C461646002554
:1019300004E014F8010BAFF300800135B542F8DB89
:10194000304670BD4FF0FF3070474FF400534B608E
:1019500000207047012070470020704710B50346F3
:101960000C4A0D490D48006840B10C48006803441A
:10197000521A934206D8094A136010BD0748084C12
:101980000460F2E707F01AF90C2303604FF0FF3010
:10199000F3E700BF0000022000040000E00D00207B
:1019A00008590020034AD2F8883043F47003C2F883
:1019B0008830704700ED00E082B00368104A93421F
:1019C00004D0104A93420ED002B070470023009317
:1019D0000D4B5A6C42F001025A645B6C03F0010338
:1019E0000093009BF0E700230193074B5A6C42F0F1
:1019F00002025A645B6C03F002030193019BE3E76C
:101A000000000140000401400038024070B588B079
:101A10000023039304930593069307930368254AD1
:101A2000934204D0244A934219D008B070BD0023D9
:101A30000093224B1A6B42F010021A631B6B03F0E7
:101A400010030093009B4FF4D443039302230493A9
:101A50000123079303A91A4801F00EFAE5E70024D1
:101A60000194164B1A6B42F480721A631A6B02F4DB
:101A700080720192019A02941A6B42F004021A6376
:101A80001B6B03F004030293029BC0230393022603
:101A900004960325079503A90A4801F0EDF94023B0
:101AA0000393049605940694079503A9064801F04C
:101AB000E3F9BAE7000001400004014000380240A9
:101AC00000100240002002400008024010B596B00D
:101AD000002412941394149415941094119409945E
:101AE0000A940B940C940D940E940F94202221468A
:101AF00001A806F087FF3C483C4B0360A7234360E6
:101B0000846044F61F63C36004614461846102F031
:101B100095FA00284DD14FF48053129312A9324800
:101B200002F097FB002847D12F4802F0B3FA0028B3
:101B300045D100231093119310A92B4802F09AFC71
:101B400000283FD1602309934FF4FA630A930022DF
:101B50000B920C920D920E920F9209A9224802F05C
:101B6000FDFA002831D1042209A91F4802F0F6FA33
:101B700070BB082209A91C4802F0F0FA58BB0C22DD
:101B800009A9194802F0EAFA40BB00230193029325
:101B90000393049305934FF400520692089301A90E
:101BA000114802F0ADFCE0B90F48FFF72FFF16B067
:101BB00010BDFFF78DFCAEE7FFF78AFCB4E7FFF737
:101BC00087FCB6E7FFF784FCBCE7FFF781FCCAE7B8
:101BD000FFF77EFCCDE7FFF77BFCD0E7FFF778FC53
:101BE000D3E7FFF775FCDFE72C0E00200000014073
:101BF00010B596B000241294139414941594109474
:101C0000119409940A940B940C940D940E940F94CF
:101C10002022214601A806F0F5FE3748374B036025
:101C2000A7234360846044F61F63C360046144617A
:101C3000846102F003FA002846D14FF480531293D6
:101C400012A92D4802F005FB002840D12A4802F0D5
:101C500021FA00283ED100231093119310A92648A1
:101C600002F008FC002838D1602309934FF4FA638E
:101C70000A9300220B920C920D920E920F9209A9D8
:101C80001D4802F06BFA58BB042209A91A4802F059
:101C900065FA40BB082209A9174802F05FFA28BB81
:101CA0000023019302930393049305934FF400528E
:101CB0000692089301A9104802F022FCC8B90E4808
:101CC000FFF7A4FE16B010BDFFF702FCB5E7FFF763
:101CD000FFFBBBE7FFF7FCFBBDE7FFF7F9FBC3E743
:101CE000FFF7F6FBD0E7FFF7F3FBD3E7FFF7F0FBD7
:101CF000D6E7FFF7EDFBE2E7E40D0020000401402A
:101D000008B50A480A4B03604FF4E13343600023EF
:101D10008360C36003610C2242618361C36102F08E
:101D200011FD00B908BDFFF7D3FBFBE7E41000206D
:101D30000010014008B50B480B4B03600B4B436090
:101D400000238360C3604FF4806202610422426119
:101D50008361C36102F0F6FC00B908BDFFF7B8FB70
:101D6000FBE700BF9C10002000480040A086010057
:101D700008B50A480A4B03604FF4E133436000237F
:101D80008360C36003610C2242618361C36102F01E
:101D9000D9FC00B908BDFFF79BFBFBE754100020FE
:101DA000001401402DE9F0418CB004460023079354
:101DB000089309930A930B9303689D4A93420AD0B0
:101DC0009C4A934200F082809B4A934200F0C78075
:101DD0000CB0BDE8F08100250095984B5A6C42F09C
:101DE00010025A645A6C02F010020092009A019597
:101DF0001A6B42F002021A631A6B02F0020201929D
:101E0000019A02951A6B42F001021A631B6B03F0F0
:101E100001030293029B802307934FF00208CDF841
:101E2000208003270A9707260B9607A9844801F00C
:101E300023F84FF400730793CDF8208009950A9793
:101E40000B9607A97F4801F017F87F487F4B036086
:101E50004FF0006343608560C5604FF480630361A9
:101E600045618561C5614FF400330362456200F04E
:101E70001DFE28BB744BE3639C637548754B036080
:101E80004FF000634360402383600023C3604FF43E
:101E90008062026143618361C3614FF40032026278
:101EA000436200F003FE70B9694BA3639C63002298
:101EB0000521252000F06AFD252000F077FD87E749
:101EC000FFF706FBD6E7FFF703FBEDE700250395D9
:101ED0005A4B1A6C42F480221A641A6C02F4802263
:101EE0000392039A04951A6B42F004021A631B6B67
:101EF00003F004030493049B4FF44063079302230D
:101F0000089303230A9307230B9307A9524800F071
:101F1000B3FF5248524B03604FF00063436085604B
:101F2000C5604FF480630361456185614FF4807340
:101F3000C3614FF400330362456200F0B7FD58B946
:101F4000464BE3639C6300220521272000F01EFD21
:101F5000272000F02BFD3BE7FFF7BAFAF0E700255A
:101F60000595364B5A6C42F020025A645A6C02F0C6
:101F700020020592059A06951A6B42F040021A63F8
:101F80001B6B03F040030693069B4FF484430793B7
:101F90000223089303230A9308230B9307A93148CC
:101FA00000F06AFF3048314B03604FF0206343601C
:101FB00040238360C5604FF48063036145618561A0
:101FC0004FF48073C3614FF480330362456200F0C5
:101FD0006DFD30BB244BA3639C632548254B0360F8
:101FE0004FF02063436000238360C3604FF480623E
:101FF0000261436183614FF48072C2614FF48032A9
:102000000262436200F052FD70B9194BE3639C63B6
:1020100000220521472000F0B9FC472000F0C6FC53
:10202000D6E6FFF755FAD5E7FFF752FAEDE700BF1E
:1020300000100140004800400014014000380240F8
:102040000004024000000240F40F002040640240FF
:10205000940F0020B864024000080240340F0020B2
:102060002860024000180240D40E0020A064024004
:10207000740E002028640240DFF834D0FFF792FC91
:102080000C480D490D4A002302E0D458C4500433D3
:10209000C4188C42F9D30A4A0A4C002301E01360A9
:1020A0000432A242FBD306F08FFDFFF767FA7047B8
:1020B0000000022000000020C40700209C0D010841
:1020C000C807002008590020FEE7000008B50B4BA8
:1020D0001A6842F400721A601A6842F480621A6048
:1020E0001A6842F480721A60032000F03DFC0F2051
:1020F000FFF752FBFFF72EFB002008BD003C02401B
:10210000034A1168034B1B780B441360704700BFF0
:102110002C11002018000020014B1868704700BFE8
:102120002C110020002800F0A18038B5044690F85A
:102130002030D3B12268136843F001031360FFF726
:10214000EBFF054623685A6812F0010F10D1FFF724
:10215000E3FF401B0A28F5D9636A43F40033636246
:10216000052384F82030012038BDFEF713FFE1E796
:102170001A6822F002021A60FFF7CEFF05462368B4
:102180005A6812F0020F0DD0FFF7C6FF401B0A2855
:10219000F5D9636A43F400336362052384F8203081
:1021A0000120E1E7227E012A3DD01A6822F0800258
:1021B0001A60637E012B3BD02268136823F0400332
:1021C0001360A37E012B39D02268136823F020030B
:1021D0001360E37E012B37D02268136843F01003AD
:1021E0001360237F012B35D02268136823F0080386
:1021F0001360637F012B33D02268136823F004033C
:102200001360A368E26813432269134362691343AE
:102210006268013A21681343CB61002060620123A8
:1022200084F82030A0E71A6842F080021A60C0E704
:102230002268136843F040031360C2E72268136802
:1022400043F020031360C4E72268136823F01003EF
:102250001360C6E72268136843F008031360C8E7F9
:102260002268136843F004031360CAE70120704733
:1022700090F82030013BDBB2012B05D9436A43F4CF
:10228000802343620120704730B5464BD3F80022CB
:1022900042F00102C3F80022D3F8002222F47C525B
:1022A000C3F80022D3F80022486A42EA0022C3F8A9
:1022B00000224A6902F01F02012000FA02F2D3F85C
:1022C0001C026FEA020C20EA0200C3F81C02CB6970
:1022D000C3B9344BD3F80C020CEA0000C3F80C026B
:1022E0008C884869CD6844EA0544483043F830405A
:1022F0008C68088840EA04404C6904F1480E03EBFE
:10230000CE035860CB69012B1ED08B69002B33D1D3
:102310002448D0F804320CEA0303C0F804320B69F5
:102320008BBB2048D0F814320CEA0303C0F81432F7
:102330000B6A012B2ED01B4AD2F8003223F0010386
:10234000C2F80032002030BD164BD3F80C02104307
:10235000C3F80C028C8848690D6844EA054448308B
:1023600043F8304088894C698D6840EA054048341C
:1023700003EBC4035860C8E70A48D0F8043213439B
:10238000C0F80432CBE70748D0F814321343C0F842
:102390001432CDE70349D1F81C321343C1F81C3283
:1023A000C9E700BF0064004070B5044690F82050B3
:1023B000EDB2012D06D0436A43F4002343620125A8
:1023C000284670BD022380F820300268136823F08D
:1023D00001031360FFF7A0FE064623685B6813F055
:1023E000010F0CD0FFF798FE831B0A2BF5D9636A07
:1023F00043F400336362052384F82030E0E70025CE
:102400006562DDE730B590F820C00468A4680CF17F
:10241000FF3C5FFA8CFCBCF1010F62D814F0E05F66
:1024200059D0C4F3016C012404FA0CF41C608B68CD
:10243000002B3DD10D68CB68046843EA45550CF18B
:1024400018031B01E55003680C690CF1180E03EB2F
:102450000E135C600B7D012B35D0D17993791B0471
:1024600043EA0163517943EA012314790168234364
:1024700001EB0C11C1F88C31D17893781B0443EA3D
:102480000163517843EA0123117802680B4302EBA0
:102490000C12C2F8883102680CF1180C4FEA0C1CBF
:1024A00052F80C3043F0010342F80C3000201DE0DC
:1024B0004C6843EAC403CC6823430CF1180424019C
:1024C00005682B51BFE7036803EB0E13596841F40D
:1024D00080715960C1E7436A43F4001343620120ED
:1024E00004E0436A43F480234362012030BD90F846
:1024F00020C00CF1FF3C5FFA8CFCBCF1010F00F234
:10250000A58030B451B90468E46814F0030F10D109
:10251000436A43F40013436201207EE004682469A7
:1025200014F0030F05D1436A43F400134362012002
:1025300073E0056801F11B0424012C5904F0040424
:102540009460002C6BD1056801F11B0424012C5907
:10255000640D1460046801F11B0C4FEA0C1C54F864
:102560000C4004F00204D4600468A444DCF8045075
:1025700015F0080F5BD008241461046801F11B0CEE
:1025800004EB0C146468C4F307249461046804EB3E
:102590000C146468240C5461026802EB0112D2F836
:1025A000B8211A70026802EB0112D2F8B821C2F306
:1025B00007225A70026802EB0112D2F8B821C2F366
:1025C00007429A70026802EB0112D2F8B821120E8B
:1025D000DA70026802EB0112D2F8BC211A710268AB
:1025E00002EB0112D2F8BC21C2F307225A71026831
:1025F00002EB0112D2F8BC21C2F307429A710268C1
:1026000002EB0112D2F8BC21120EDA71C1B90268D4
:10261000D36843F02003D360002030BC70470568C6
:1026200001F11B0424012C59E408546092E701F1E4
:102630001B0504EB0514646804F00F0414619CE7A7
:102640000268136943F020031361E5E7436A43F42A
:10265000802343620120704790F82030013BDBB2B9
:10266000012B05D9436A43F480234362012070475C
:10267000026853690B4353610020704770477047ED
:102680007047704770477047704770477047704792
:10269000704770472DE9F84F054603685C69D3F829
:1026A00004809F68D3F80CA0D3F81090D3F818B02A
:1026B00014F001063BD017F0010616D001229A60F3
:1026C00017F0020F08D117F0040F0CD117F008060D
:1026D00006D04FF4805608E0FFF7D0FF002604E054
:1026E000FFF7CFFF01E04FF4006617F4807F0DD0B5
:1026F0002B684FF480729A6017F4007F40F0968048
:1027000017F4806F00F0968046F4005617F4803F6F
:102710000DD02B684FF480329A6017F4003F40F0E0
:10272000938017F4802F00F0938046F4004614F055
:10273000080F07D01AF0100F04D046F400762B686B
:102740001022DA6014F0040F03D01AF0080F40F0E2
:10275000898014F0020F05D02B68DB6813F0030F9B
:1027600040F0878014F0400F07D019F0100F04D00C
:1027700046F480662B6810221A6114F0200F02D0F4
:1027800019F0080F79D114F0100F04D02B681B69D1
:1027900013F0030F78D114F4003F02D018F0100F9B
:1027A00076D114F4803F02D018F0080F77D114F4DA
:1027B000004F37D018F0040F31D014F4807F04D0CC
:1027C0001BF0010F01D046F0010614F4007F04D085
:1027D0001BF0020F01D046F0020614F4806F04D003
:1027E0001BF0040F01D046F0040614F4006F16D05D
:1027F0001BF0700B13D0BBF1400F66D056D8BBF165
:10280000200F5CD0BBF1300F5CD0BBF1100F01D1B9
:1028100046F008062A68936923F0700393612B68D9
:1028200004225A60002E56D1BDE8F88F2846FFF7E3
:1028300026FF6BE717F4006F02D046F4804665E789
:102840002846FFF71FFF61E72846FFF719FF6EE7ED
:1028500017F4002F02D046F4803668E72846FFF7C9
:1028600012FF64E72B680822DA602846FFF70CFFA6
:102870006FE7284603F0E0FB74E72B6808221A6133
:102880002846FFF703FF7EE72846FFF7FEFE82E7B4
:102890002B6810225A602846FFF7F9FE81E72B6863
:1028A00008225A602846FFF7F3FE80E7BBF1500F7D
:1028B0000ED0BBF1600FADD146F48076AAE746F0AA
:1028C0001006A7E746F02006A4E746F04006A1E779
:1028D00046F080069EE76B6A33436B622846FFF73B
:1028E000D8FEA1E7002807DB00F01F024009012302
:1028F0009340024A42F82030704700BF00E100E0F8
:10290000002808DB0901C9B200F1604000F5614010
:1029100080F80013704700F00F000901C9B2014BA5
:102920001954704714ED00E000B500F00700C0F145
:10293000070CBCF1040F28BF4FF0040C031D062B3D
:102940000FD9C31E4FF0FF3E0EFA0CF021EA000132
:1029500099400EFA03FE22EA0E0241EA02005DF8F7
:1029600004FB0023EEE70000074AD36823F4E0638A
:102970001B041B0C000200F4E060034343F0BF6340
:1029800043F40033D360704700ED00E010B5044617
:10299000054BD868C0F30220FFF7C6FF014620466A
:1029A000FFF7AEFF10BD00BF00ED00E008B5FFF778
:1029B00099FF08BD30B405682C6824F480242C608D
:1029C000046863608368402B05D0036899600368DE
:1029D000DA6030BC704703689A600368D960F8E732
:1029E00010B40368D9B210390A4AA2FB0142120995
:1029F000094CA25CC2655F2907D96FF30903043350
:102A00008365806D5DF8044B70476FF30903836540
:102A1000F7E700BFABAAAAAAF4060108836A826995
:102A200092B9012B0AD0022B02D00BB100207047C3
:102A3000C36A13F0807F28D100207047C36AB3F1C6
:102A4000C07F24D000207047B2F5005F09D0022B70
:102A500025D9032B25D1C36A13F0807F23D1002011
:102A60007047032B03D8DFE803F01404140A002096
:102A70007047C36A13F0807F0DD100207047C36A8E
:102A8000B3F1C07F09D000207047012070470120BA
:102A900070470120704701207047012070470120D6
:102AA00070470020704701207047000070B5044651
:102AB000FFF732FB002C5BD00546022384F835304B
:102AC000002384F834302268136823F00103136074
:102AD00023681A6812F0010F0AD0FFF71DFB431B91
:102AE000052BF5D920236365032084F8350070BDDC
:102AF0001A68204911406268A0680243E0680243F6
:102B00002069024360690243A0690243E06902430D
:102B1000206A02430A43616A04291ED01A602668AB
:102B2000756925F00705636A1D43042B07D1A36A65
:102B30001D43E36A1BB12046FFF770FF90B9756132
:102B40002046FFF74DFFE26D3F2393408360002056
:102B50006065012384F83530C9E7E16A206B0143E1
:102B60000A43DBE740236365012084F83500BEE7B4
:102B70000120BCE73F8010F038B50446856D90F821
:102B8000340001282BD0012084F8340094F835005B
:102B9000C0B2012804D0002384F83430022038BDAC
:102BA000022084F83500002060652046FFF702FF10
:102BB000E26D3F239340AB602268136843F0160335
:102BC0001360236C23B12268136843F00803136079
:102BD0002268136843F0010313600020DFE702203E
:102BE000DDE770B50446866DFFF796FA94F8353048
:102BF000DBB2022B06D080236365002384F83430D7
:102C0000012070BD05462268136823F01603136087
:102C10002268536923F080035361236CE3B1226877
:102C2000136823F0080313602268136823F001037C
:102C3000136023681B6813F0010F11D0FFF76CFAC3
:102C4000431B052BF5D920236365032084F8350049
:102C5000002384F83430D4E7A36C002BDFD1E3E702
:102C6000E26D3F239340B360012384F835300020A8
:102C700084F83400C5E790F83530DBB2022B03D07E
:102C80008023436501207047052380F835300268B2
:102C9000136823F00103136000207047F0B583B080
:102CA000044600230193724B1D68724BA3FB05354C
:102CB000AD0A876D3E68C26D08239340334210D041
:102CC00003681A6812F0040F0BD01A6822F004028D
:102CD0001A60C26D08239340BB60436D43F001034B
:102CE0004365E26D01239340334209D02268526963
:102CF00012F0800F04D0BB60636D43F00203636584
:102D0000E26D04239340334209D02268126812F026
:102D1000020F04D0BB60636D43F004036365E26D92
:102D200010239340334224D02268126812F0080F17
:102D30001FD0BB6023681A6812F4802F0DD01B6867
:102D400013F4002F04D1236C9BB12046984710E068
:102D5000A36C73B1204698470BE01A6812F4807F89
:102D600003D11A6822F008021A60236C0BB12046C6
:102D70009847E26D20239340334255D02268126871
:102D800012F0100F50D0BB6094F83530DBB2052B39
:102D90000ED023681A6812F4802F33D01B6813F406
:102DA000002F2AD1636C002B3ED0204698473BE091
:102DB0002268136823F0160313602268536923F016
:102DC00080035361236CA3B12268136823F00803C6
:102DD0001360E26D3F239340BB60012384F83530DC
:102DE000002384F83430236D002B3FD020469847D1
:102DF0003CE0A36C002BE7D1EBE7E36BA3B12046EB
:102E0000984711E01A6812F4807F09D11A6822F0FD
:102E100010021A60012384F83530002384F834301E
:102E2000E36B0BB120469847636DFBB1636D13F004
:102E3000010F17D0052384F835302268136823F07A
:102E400001031360019B01330193AB4204D8236853
:102E50001B6813F0010FF5D1012384F835300023EE
:102E600084F83430E36C0BB12046984703B0F0BDD2
:102E700014000020B5814E1B00230F2B00F2E980C7
:102E800070B582B065E085684FEA430E032404FA0A
:102E90000EF425EA0405CC6804FA0EF42C43846091
:102EA000446824EA02044A68C2F300129A402243AA
:102EB00042605CE0DC08083450F8242003F0070589
:102EC000AD004FF00F0E0EFA05FE22EA0E0E0A6953
:102ED000AA4042EA0E0240F824205CE0072200E00B
:102EE000002202FA0EF22A4302345A4D45F82420F9
:102EF000594A94686FEA0C0224EA0C054E6816F4ED
:102F0000801F01D04CEA0405534CA560E46802EA36
:102F100004054E6816F4001F01D04CEA04054E4C1F
:102F2000E560646802EA04054E6816F4003F01D0CB
:102F30004CEA0405484C6560246822404D6815F44D
:102F4000803F01D04CEA0402434C226001330F2B36
:102F50007DD801229A400C6804EA020C32EA04048B
:102F6000F4D14C6804F00304013C012C8BD94A686D
:102F700002F00302032A09D0C4685D000322AA40BC
:102F800024EA02048A68AA402243C2604A6802F026
:102F90000302022A8ED004684FEA430E032202FA8B
:102FA0000EF224EA02044A6802F0030202FA0EF268
:102FB000224302604A6812F4403FC7D000220192C7
:102FC000264A546C44F480445464526C02F48042A7
:102FD0000192019A9C08A51C1E4A52F8255003F044
:102FE000030E4FEA8E0E0F2202FA0EF225EA0205B8
:102FF0001B4A90423FF474AF02F5806290421AD0AF
:1030000002F58062904218D002F58062904216D09C
:1030100002F58062904214D002F58062904212D094
:1030200002F58062904210D002F5806290423FF437
:1030300055AF082255E7012253E7022251E7032248
:103040004FE704224DE705224BE7062249E702B08D
:1030500070BD704700380140003C0140003802401C
:10306000000002400AB18161704709048161704724
:10307000436901EA030221EA030141EA0241816155
:1030800070470000002800F0E08170B582B004466F
:10309000036813F0010F3BD09F4B9B6803F00C03B8
:1030A000042B2CD09C4B9B6803F00C03082B21D0E5
:1030B0006368B3F5803F4FD0B3F5A02F52D0964B45
:1030C0001A6822F480321A601A6822F480221A6088
:1030D0006368002B50D0FFF71FF805468E4B1B6826
:1030E00013F4003F14D1FFF717F8401B6428F5D9FB
:1030F0000320B1E1884B5B6813F4800FD8D0864B76
:103100001B6813F4003F03D06368002B00F09F811D
:10311000236813F0020F54D07F4B9B6813F00C0F01
:103120003ED07D4B9B6803F00C03082B33D0E36843
:10313000002B68D0794B01221A60FEF7EDFF05469F
:10314000754B1B6813F0020F54D1FEF7E5FF401BCF
:103150000228F5D903207FE16F4A136843F48033D6
:103160001360B5E76C4B1A6842F480221A601A6843
:1031700042F480321A60ABE7FEF7CEFF0546664B9D
:103180001B6813F4003FC3D0FEF7C6FF401B642842
:10319000F5D9032060E1604B5B6813F4800FC6D162
:1031A0005D4B1B6813F0020F03D0E368012B40F066
:1031B0005081594A136823F0F803216943EAC10397
:1031C0001360236813F0080F42D063696BB3534B4D
:1031D0000122C3F8802EFEF79FFF05464E4B5B6F22
:1031E00013F0020F34D1FEF797FF401B0228F5D9E8
:1031F000032031E1484A136823F0F803216943EAC8
:10320000C1031360DDE7454B00221A60FEF784FF1F
:103210000546414B1B6813F0020FD2D0FEF77CFF2E
:10322000401B0228F5D9032016E13C4B0022C3F8CD
:10323000802EFEF771FF0546374B5B6F13F0020FD0
:1032400006D0FEF769FF401B0228F5D9032003E1F1
:10325000236813F0040F77D02F4B1B6C13F0805FA3
:1032600033D1002301932C4B1A6C42F080521A6424
:103270001B6C03F080530193019B0125284B1B68B5
:1032800013F4807F23D0A368012B34D0052B38D0D2
:10329000214B1A6F22F001021A671A6F22F0040202
:1032A0001A67A368002B3DD0FEF736FF06461A4B7F
:1032B0001B6F13F0020F46D1FEF72EFF801B41F269
:1032C00088339842F3D90320C6E00025D6E7144A94
:1032D000136843F480731360FEF71EFF0646104B1D
:1032E0001B6813F4807FCED1FEF716FF801B0228E7
:1032F000F5D90320B0E0084A136F43F001031367C8
:10330000CFE7054B1A6F42F004021A671A6F42F0BA
:1033100001021A67C5E700BF0038024000004742BB
:1033200000700040FEF7F8FE0646524B1B6F13F08C
:10333000020F08D0FEF7F0FE801B41F2883398425E
:10334000F3D9032088E0EDB9A369002B00F0838056
:10335000484A926802F00C02082A51D0022B17D07A
:10336000454B00221A66FEF7D7FE0446414B1B6808
:1033700013F0007F42D0FEF7CFFE001B0228F5D9E4
:10338000032069E03B4A136C23F080531364DBE7AE
:10339000394B00221A66FEF7BFFE0546354B1B6807
:1033A00013F0007F06D0FEF7B7FE401B0228F5D9C8
:1033B000032051E0E369226A1343626A43EA8213FD
:1033C000A26A5208013A43EA0243E26A43EA02630C
:1033D000284A5360284B01221A66FEF79DFE0446D8
:1033E000244B1B6813F0007F06D1FEF795FE001BEF
:1033F0000228F5D903202FE000202DE000202BE04B
:10340000012B2BD01B4B5B6803F48001E2699142D6
:1034100026D103F03F02216A8A4223D1616A47F62E
:10342000C0721A40B2EB811F1ED103F44031A26A70
:103430005208013AB1EB024F18D103F07063E26A0F
:10344000B3EB026F14D1002006E001207047012089
:1034500002E0012000E0002002B070BD0120FBE787
:103460000120F9E70120F7E70120F5E70120F3E764
:103470000120F1E7003802400000474208B5264B22
:103480009B6803F00C03042B41D0082B41D1224B45
:103490005A6802F03F025B6813F4800F12D01E4B93
:1034A0005968C1F388111D480023A1FB0001FDF7F5
:1034B00093F8194B5B68C3F3014301335B00B0FB26
:1034C000F3F008BD144B5868C0F388104FEA401C55
:1034D000BCEB000C6EEB0E0E4FEA8E1343EA9C63BE
:1034E0004FEA8C11B1EB0C0163EB0E03DB0043EAF6
:1034F0005173C90011EB000C43F100039902002342
:103500004FEA8C2041EA9C51FDF766F8D1E7034869
:10351000D7E70348D5E700BF00380240001BB700DB
:103520000024F400002800F09B8070B50D4604468E
:103530004F4B1B6803F007038B4208D2CBB24C4AB7
:103540001370136803F007038B4240F08B802368ED
:1035500013F0020F17D013F0040F04D0454A9368FC
:1035600043F4E0539360236813F0080F04D0414AFA
:10357000936843F4604393603E4A936823F0F003FA
:10358000A1680B439360236813F0010F32D0636886
:10359000012B21D09A1E012A25D9364A126812F031
:1035A000020F61D033498A6822F0030213438B6013
:1035B000FEF7B2FD06462F4B9B6803F00C036268D2
:1035C000B3EB820F16D0FEF7A7FD801B41F28833C4
:1035D0009842F0D9032042E0264A126812F4003FD4
:1035E000E0D101203BE0234A126812F0007FD9D1DC
:1035F000012034E01E4B1B6803F00703AB4207D9E0
:10360000EAB21B4B1A701B6803F00703AB422DD1C3
:10361000236813F0040F06D0164A936823F4E0538E
:10362000E1680B439360236813F0080F07D0114A39
:10363000936823F46043216943EAC1039360FFF771
:103640001DFF0C4B9B68C3F303130B4AD35CD8409C
:103650000A4B18600A4B1868FEF79EF8002070BDF0
:10366000012070470120FAE70120F8E70120F6E782
:10367000003C024000380240E4060108140000202B
:103680001C000020014B1868704700BF1400002088
:1036900008B5FFF7F7FF044B9B68C3F38223034A87
:1036A000D35CD84008BD00BF00380240DC060108EA
:1036B00008B5FFF7E7FF044B9B68C3F34233034AA7
:1036C000D35CD84008BD00BF00380240DC060108CA
:1036D0000F2303600B4B9A6802F0030242609A6862
:1036E00002F0F00282609A6802F4E052C2609B68C5
:1036F000DB0803F4E0530361034B1B6803F007038B
:103700000B60704700380240003C02402DE9F04752
:1037100082B00546884617461E46FEF7FDFC0A9B0A
:103720001B1A03EB0609FEF7F7FC8246284B1B68C1
:10373000C3F3CB3309FB03F301932B689C6838EA8E
:1037400004040CBF01230023BB423DD0B6F1FF3F70
:10375000F3D0FEF7E1FCA0EB0A00484507D2019A3E
:1037600002B14A46019B013B01939146E5E72A6875
:10377000536823F0E00353606B68B3F5827F0BD08E
:10378000AB6AB3F5005F14D0012385F851300023F4
:1037900085F85030032018E0AB68B3F5004F02D035
:1037A000B3F5806FECD12A68136823F040031360EF
:1037B000E6E72A68136823F4005313602A68136845
:1037C00043F400531360DFE7002002B0BDE8F08748
:1037D0001400002070B584B004460D4616460092D1
:1037E0000B4601220221FFF791FFD0B9174B1B684E
:1037F000174AA2FB03235B0D4FF47A7202FB03F31B
:1038000003936368B3F5827F11D0039B3BB1039BA5
:10381000013B039323689B6813F0800FF5D104B03C
:1038200070BD636D43F0200363650320F7E70096E6
:103830002B46002280212046FFF768FF0028EED0AB
:10384000636D43F0200363650320E8E71400002064
:10385000819F5E1600285AD010B50446436A33B9DA
:103860004368B3F5827F05D00023C36102E00023E3
:10387000036143610023A36294F85130002B40D0D0
:10388000022384F851302268136823F04003136048
:10389000636803F48273A26802F404421343E2688B
:1038A00002F400621343226902F0020213436269C8
:1038B00002F001021343A26902F400721343E269A9
:1038C00002F038021343226A02F080021343A26A14
:1038D00002F40052216813430B60638B03F004036E
:1038E000626A02F01002216813434B602268D369B8
:1038F00023F40063D36100206065012384F8513014
:1039000010BD84F850302046FDF7D8FEB8E70120FE
:1039100070472DE9F04383B00446884691461F4620
:103920000A9DFEF7F9FB064694F85130DBB2626857
:10393000012B0AD0B2F5827F40F00581A268002AEF
:1039400040F00581042B40F00481B8F1000F00F035
:103950000281B9F1000F00F00081002F00F0FF801C
:1039600094F85030012B00F0FC80012384F8503093
:1039700094F85130DBB2042B02D0052384F8513087
:1039800000236365C4F83890E787A787C4F83080C0
:10399000E786A7862364636423681A6812F0400FE1
:1039A00003D11A6842F040021A60E368B3F5006F71
:1039B00011D063680BB1012F0BD1226B23681278F1
:1039C0001A73236B01332363E38E9BB2013B9BB2DB
:1039D000E386012771E063680BB1012F0BD1226BE5
:1039E00023681288DA60236B02332363E38E9BB271
:1039F000013B9BB2E38601271BE023689A6812F023
:103A0000010F0ED0E28F92B25AB1DA68A36B1A801E
:103A1000A36B0233A363E38F9BB2013B9BB2E387AB
:103A20000127FEF779FB801BA84202D3B5F1FF3FC7
:103A30001ED1E38E9BB21BB9E38F9BB2002B62D0E9
:103A400023689A6812F0020FD7D0E28E92B2002A51
:103A5000D3D0002FD1D0226B1288DA60236B0233CF
:103A60002363E38E9BB2013B9BB2E3860027C4E74E
:103A7000012384F85130002384F85030032063E0A0
:103A800023689A6812F0010F0ED0E28F92B25AB1F9
:103A9000DA68A36B1A70A36B0133A363E38F9BB245
:103AA000013B9BB2E3870127FEF736FB831BAB424A
:103AB00002D3B5F1FF3F1ED1EDB1E38E9BB213B936
:103AC000E38F9BB2FBB123689A6812F0020FD7D044
:103AD000E28E92B2002AD3D0002FD1D0226B12787E
:103AE0001A73236B01332363E38E9BB2013B9BB2BA
:103AF000E3860027C4E7012384F85130002384F8CB
:103B00005030032020E0324629462046FFF762FE6F
:103B100090B9A36833B901932368DA6801929B686E
:103B20000193019B012384F85130002384F8503025
:103B3000636D4BB1012007E020236365002384F807
:103B40005030012000E0022003B0BDE8F0830220E5
:103B5000FAE70220F8E70120F6E70120F4E7012068
:103B6000F2E70220F0E7000030B4036A026A22F0B4
:103B7000010202624268846924F0730C0C6844EA12
:103B80000C0423F0020C8B6843EA0C03114DA8428D
:103B900003D005F58065A84205D123F00803CD6860
:103BA0002B4323F004030B4DA84203D005F5806599
:103BB000A84207D122F440724D6945EA020C8A6995
:103BC00042EA0C02426084614A684263036230BC8C
:103BD000704700BF0000014030B4036A026A22F45B
:103BE000807202624268C46924F0730C0C6844EA73
:103BF0000C0523F400738C6843EA0423114CA042A3
:103C000003D004F58064A04206D123F40063CC689D
:103C100043EA042323F480630A4CA04203D004F552
:103C20008064A04207D122F440524C6942EA041257
:103C30008C6942EA04124260C5614A68C263036249
:103C400030BC70470000014030B4036A026A22F4BD
:103C5000805202624468C26922F4E6420D6842EA78
:103C6000052223F400538D6843EA0533094DA84229
:103C700003D005F58065A84204D124F480444D6941
:103C800044EA85144460C2614A680264036230BC3D
:103C9000704700BF0000014010B4036A046A24F0BA
:103CA00001040462846924F0F00C4CEA021223F04F
:103CB0000A030B43826103625DF8044B704710B442
:103CC000036A046A24F010040462846924F4704CCA
:103CD0004CEA023223F0A00343EA0113826103623B
:103CE0005DF8044B7047836823F070030B4343F087
:103CF000070383607047000090F83D30DBB2012B72
:103D000032D1022380F83D300368194A934220D013
:103D1000B3F1804F1DD0A2F57C42934219D002F539
:103D20008062934215D002F58062934211D002F571
:103D3000784293420DD002F57052934209D0A2F519
:103D40009432934205D01A6842F001021A600020B2
:103D500070479A6802F00702062A07D01A6842F0F4
:103D600001021A6000207047012070470020704750
:103D70000000014090F83D30DBB2012B37D1022327
:103D800080F83D300268D36843F00103D3600368D4
:103D9000194A934220D0B3F1804F1DD0A2F57C4246
:103DA000934219D002F58062934215D002F58062E9
:103DB000934211D002F5784293420DD002F5705231
:103DC000934209D0A2F59432934205D01A6842F08A
:103DD00001021A60002070479A6802F00702062A62
:103DE00007D01A6842F001021A60002070470120D3
:103DF00070470020704700BF0000014070477047C7
:103E000070477047704770B504460368DE681D69E7
:103E100015F0020F10D016F0020F0DD06FF0020255
:103E20001A610123037703689B6913F0030F5ED0C7
:103E3000FFF7E6FF0023237715F0040F12D016F0EA
:103E4000040F0FD023686FF004021A610223237756
:103E500023689B6913F4407F4FD02046FFF7D0FFC3
:103E60000023237715F0080F12D016F0080F0FD09B
:103E700023686FF008021A61042323772368DB6943
:103E800013F0030F40D02046FFF7BAFF002323773B
:103E900015F0100F12D016F0100F0FD023686FF02E
:103EA00010021A61082323772368DB6913F4407F2B
:103EB00031D02046FFF7A4FF0023237715F0010F30
:103EC00002D016F0010F2DD115F0800F02D016F0A0
:103ED000800F2FD115F0400F02D016F0400F31D1D6
:103EE00015F0200F02D016F0200F33D170BDFFF770
:103EF00086FF2046FFF785FF9CE72046FFF77FFF00
:103F00002046FFF77EFFABE72046FFF778FF20460D
:103F1000FFF777FFBAE72046FFF771FF2046FFF76C
:103F200070FFC9E723686FF001021A612046FDF7B0
:103F3000C3FAC9E723686FF080021A61204600F0D7
:103F400009FBC7E723686FF040021A612046FFF7BC
:103F500059FFC5E723686FF020021A61204600F080
:103F6000F8FAC3E70368344A904212D0B0F1804FA8
:103F70000FD0A2F57C4290420BD002F580629042B5
:103F800007D002F58062904203D002F57842904259
:103F900003D123F070034A681343274A90422AD082
:103FA000B0F1804F27D0A2F57C42904223D002F599
:103FB000806290421FD002F5806290421BD002F5D1
:103FC0007842904217D002F57052904213D002F519
:103FD000806290420FD002F5806290420BD0A2F531
:103FE0009832904207D002F58062904203D002F5E9
:103FF0008062904203D123F44073CA68134323F0D4
:1040000080034A69134303608B68C3620B68836251
:10401000094B984203D003F58063984201D10B69A4
:10402000036301234361036913F0010F03D00369A4
:1040300023F00103036170470000014040B310B555
:10404000044690F83D30F3B1022384F83D30214618
:1040500051F8040BFFF786FF012384F8463084F8FB
:104060003E3084F83F3084F8403084F8413084F8A2
:10407000423084F8433084F8443084F8453084F882
:104080003D30002010BD80F83C30FDF795FCDBE7AB
:104090000120704740B310B5044690F83D30F3B1AD
:1040A000022384F83D30214651F8040BFFF75AFFF4
:1040B000012384F8463084F83E3084F83F3084F899
:1040C000403084F8413084F8423084F8433084F83A
:1040D000443084F8453084F83D30002010BD80F82D
:1040E0003C30FFF78BFEDBE70120704730B4036AFA
:1040F000026A22F0100202624468826922F4E642F7
:104100000D6842EA052223F020038D6843EA051377
:10411000114DA84203D005F58065A84206D123F0D1
:104120008003CD6843EA051323F040030A4DA842FB
:1041300003D005F58065A84207D124F440644D6999
:1041400044EA85048D6944EA8504446082614A68D2
:104150008263036230BC70470000014038B590F8BC
:104160003C30012B66D004460D46012380F83C30DC
:104170000C2A5AD8DFE802F0075959591B595959E6
:104180003059595944000068FFF7EEFC22689369E2
:1041900043F0080393612268936923F00403936159
:1041A0002268936929690B43936100203EE000680F
:1041B000FFF79CFF2268936943F4006393612268D0
:1041C000936923F48063936122689369296943EAC0
:1041D00001239361002029E00068FFF7FDFC2268BD
:1041E000D36943F00803D3612268D36923F0040341
:1041F000D3612268D36929690B43D361002015E09C
:104200000068FFF721FD2268D36943F40063D3619E
:104210002268D36923F48063D3612268D369296952
:1042200043EA0123D361002000E00120002384F849
:104230003C3038BD0220FCE710B4846824F47F4C85
:1042400042EA03220A4342EA0C0282605DF8044B10
:10425000704790F83C30012B78D010B5044601230C
:1042600080F83C30022380F83D300268936823F4E4
:104270007F4323F0770393600B68602B4CD023D8E7
:10428000402B54D011D8202B03D00AD80BB1102BBF
:1042900005D119462068FFF726FD002028E00120FF
:1042A00026E0302BF5D0012022E0502B0AD1CA683D
:1042B00049680068FFF7F0FC50212068FFF713FD04
:1042C000002015E0012013E0B3F5805F3AD0B3F58C
:1042D000005F14D0702B37D1CB684A6889680068BA
:1042E000FFF7AAFF2268936843F0770393600020EA
:1042F000012384F83D30002384F83C3010BDCB68A6
:104300004A6889680068FFF797FF2268936843F45A
:10431000804393600020EBE7CA6849680068FFF7B4
:10432000CEFC60212068FFF7DEFC0020E0E7CA68D1
:1043300049680068FFF7B0FC40212068FFF7D3FC14
:104340000020D5E70020D3E70120D1E70220704705
:1043500001F01F014FF0010C0CFA01FC036A23EA83
:104360000C030362036A8A40134303627047000030
:1043700010B504460846002942D194F83E30DBB21D
:10438000013B18BF0123002B6ED1002851D102231D
:1043900084F83E30012201462068FFF7D9FF2368E8
:1043A000334A934203D002F58062934203D15A6CA0
:1043B00042F400425A6423682D4A934249D0B3F133
:1043C000804F46D0A2F57C42934242D002F58062F3
:1043D00093423ED002F5806293423AD002F5784291
:1043E000934236D002F57052934232D0A2F5943205
:1043F00093422ED01A6842F001021A60002032E087
:10440000042908D008290DD094F84130DBB2013BD3
:1044100018BF0123B7E794F83F30DBB2013B18BF68
:104420000123B0E794F84030DBB2013B18BF012311
:10443000A9E7042805D0082807D0022384F84130D2
:10444000A8E7022384F83F30A4E7022384F8403031
:10445000A0E79A6802F00702062A07D01A6842F01D
:1044600001021A60002010BD0120FCE70020FAE7DD
:104470000000014090F83C20012A3DD010B40346D2
:10448000012280F83C20022280F83D20026850681A
:10449000946820F0700C086840EA0C0050601A68BC
:1044A000164882421AD0B2F1804F17D0A0F57C4056
:1044B000824213D000F5806082420FD000F5806008
:1044C00082420BD000F57840824207D000F5705050
:1044D000824203D0A0F59430824204D124F08004BB
:1044E000496821439160012283F83D20002083F830
:1044F0003C005DF8044B704702207047000001400B
:10450000024690F83C30012B21D0012380F83C304A
:10451000CB6823F440738868034323F480634868BE
:10452000034323F400630868034323F480530869BA
:10453000034323F400534869034323F48043C969C8
:104540000B4311684B64002082F83C007047022046
:10455000704770477047026802F10C0353E8003F50
:1045600023F0C0030C3242E800310029F3D12023AC
:1045700080F841307047026802F10C0353E8003FB5
:1045800023F490730C3242E800310029F3D1026821
:1045900002F1140353E8003F23F00103143242E810
:1045A00000310029F3D1036B012B05D0202380F8C3
:1045B0004230002303637047026802F10C0353E8A2
:1045C000003F23F010030C3242E800310029F3D100
:1045D000ECE790F84130DBB2212B01D0022070478C
:1045E0008368B3F5805F17D0036A5A1C02621A7899
:1045F00003685A60C38C9BB2013B9BB2C3844BB926
:104600000268D36823F08003D3600268D36843F064
:104610004003D360002070470369002BE4D1036A94
:104620001B880268C3F308035360036A0233036202
:10463000E0E7000010B504460268136923F4405314
:10464000C1680B431361836802691A4343691A43C3
:10465000C3691A430168CB6823F4164323F00C03A3
:104660001343CB600268536923F4407381690B43A1
:1046700053610368314A934206D002F58062934247
:1046800002D0FFF705F801E0FFF712F8E369B3F590
:10469000004F29D00021031849411B1841F10001A6
:1046A000C90041EA5371DB00181863684FEA8302BE
:1046B0004FEA937341F10001FBF78EFF204AA2FB02
:1046C00000314909642303FB11031B013233A2FBB0
:1046D00003235B0903F0F00202EB011203F00F0366
:1046E000216813448B6010BD0023021843EB0301C3
:1046F000121841F10001C90041EA5271D2001018AC
:1047000041F10001626892185B41FBF765FF0C4ABA
:10471000A2FB00314909642303FB1103DB003233A0
:10472000A2FB03235B095A0002F4F87202EB0112A8
:1047300003F00703216813448B60D4E700100140A5
:104740001F85EB5160B310B5044690F8413013B3A8
:10475000242384F841302268D36823F40053D360C3
:104760002046FFF767FF2268136923F49043136123
:104770002268536923F02A0353612268D36843F403
:104780000053D36000206064202384F8413084F813
:104790004230606310BD80F84030FDF703FBD7E77F
:1047A0000120704790F84130DBB2202B10D189B145
:1047B00092B101628284C28400234364212280F882
:1047C00041200168CA6842F08002CA6018467047FA
:1047D000022070470120704701207047704708B5DC
:1047E0000168CA6822F04002CA60202280F8412095
:1047F000FFF7F4FF002008BD7047704710B5846BC9
:1048000023685A6994F84130DBB2212B10D0236819
:104810005A6902F0400294F84230DBB2222B11D0E8
:10482000636C43F0100363642046FFF7E6FF10BD9E
:1048300002F08002002AEAD00023E3842046FFF73A
:104840008AFEE4E7002AEBD00023E3852046FFF749
:1048500092FEE5E708B5806B0023C385C384FFF7AC
:10486000CCFF08BD704790F84230DBB2222B69D1F3
:104870008368B3F5805F4FD0826AB3F5805F04D060
:10488000002B56D10369002B53D103685B6813706A
:10489000836A01338362C38D9BB2013B9BB2C385A4
:1048A000002B51D100B583B00268D36823F02003F8
:1048B000D3600268D36823F48073D36002685369BD
:1048C00023F001035361202380F842300023436327
:1048D000036B012B33D100230363026802F10C0345
:1048E00053E8003F23F010030C3242E80031002966
:1048F000F3D103681A6812F0100F06D0002201925B
:104900001A6801925B680193019B818DFFF7AAFFF2
:10491000002003B05DF804FB0269002AACD1826A72
:1049200003685B68C3F308031380836A02338362FE
:10493000B1E703685B6803F07F031370A8E703F037
:104940005BFDE5E7022070470020704710B582B09C
:10495000044602681368D068516913F00F0F09D13B
:1049600013F0200F0CD010F0200F09D02046FFF7D5
:104970007AFF16E011F0010115D110F4907F12D1E9
:10498000216B012979D013F0800F03D010F0800F34
:1049900040F0148113F0400F03D010F0400F40F0AE
:1049A000118102B010BD13F0010F06D010F4807F0A
:1049B00003D0626C42F00102626413F0040F04D071
:1049C00019B1626C42F00202626413F0020F04D06B
:1049D00019B1626C42F00402626413F0080F07D050
:1049E00010F0200F00D119B1626C42F0080262642D
:1049F000626C002AD5D013F0200F02D010F0200FE7
:104A000029D123685B6903F04003626C12F0080F40
:104A100000D163B32046FFF7AEFD23685B6913F056
:104A2000400F20D0226802F1140353E8003F23F026
:104A30004003143242E800310029F3D1E36B73B133
:104A4000624A1A65E06BFEF716F90028A9D0E06B00
:104A5000036D9847A5E72046FFF705FFD1E72046FD
:104A6000FFF7CBFE9DE72046FFF7C7FE99E72046FC
:104A7000FFF7C3FE0023636493E713F0100F82D0A7
:104A800010F0100F3FF47FAF0023019313680193E0
:104A900053680193019B536913F0400F52D0E26BAE
:104AA00013685B689BB2002B3FF47BAFA18D9942EA
:104AB0007FF677AFE385D369B3F5807F37D022687F
:104AC00002F10C0353E8003F23F480730C3242E8F8
:104AD00000310029F3D1226802F1140353E8003FAA
:104AE00023F00103143242E800310029F3D1226897
:104AF00002F1140353E8003F23F04003143242E86C
:104B000000310029F3D1202384F8423000232363AD
:104B1000226802F10C0353E8003F23F010030C322B
:104B200042E800310029F3D1E06BFEF75AF8022386
:104B30006363A18DE38D9BB2C91A89B22046FFF74A
:104B400091FE2EE7A18DE38D9BB2C91A89B2E38D48
:104B50009BB2002B3FF425AF00293FF422AF22681F
:104B600002F10C0353E8003F23F490730C3242E847
:104B700000300028F3D1226802F1140353E8003F0B
:104B800023F00103143242E800300028F3D120233F
:104B900084F8423000232363226802F10C0353E8B7
:104BA000003F23F010030C3242E800300028F3D11C
:104BB000022363632046FFF755FEF2E62046FFF727
:104BC00008FDEEE62046FFF70AFEEAE65548000833
:104BD00008B5806B01234363036B012B02D0FFF701
:104BE0000BFE08BD818D4908FFF73CFEF9E708B5CB
:104BF0000346806B1B681B6813F4807F2BD1002356
:104C0000C385026802F10C0353E8003F23F480736C
:104C10000C3242E800310029F3D1026802F114039A
:104C200053E8003F23F00103143242E80031002929
:104C3000F3D1026802F1140353E8003F23F040036C
:104C4000143242E800310029F3D1202380F84230A9
:104C5000036B012B07D000234363036B012B0FD0A1
:104C600003F0CAFB08BD026802F10C0353E8003FE1
:104C700023F010030C3242E800310029F3D1EAE7B7
:104C8000818DFFF7EFFDEDE730B583B004461346A5
:104C90008162828500254564222280F84220C26B11
:104CA0001F48D063E26B1F481064E26B1E48D0645B
:104CB000E26B156520680A46011DE06BFDF75CFF9D
:104CC000019523681A6801925B680193019B23692F
:104CD0005BB1226802F10C0353E8003F43F4807398
:104CE0000C3242E800310029F3D1226802F11403AA
:104CF00053E8003F43F00103143242E80031002939
:104D0000F3D1226802F1140353E8003F43F040035B
:104D1000143242E800310029F3D1002003B030BD45
:104D2000EF4B0008D14B0008FD47000808B590F88C
:104D30004230DBB2202B08D149B10AB9012008BDAD
:104D400000230363FFF7A0FFF9E70220F7E7012044
:104D5000F5E7842801D0033070470020704708B57C
:104D600000F064FD002008BD2DE9F04387B00E4639
:104D70004469C4B18569B5B14768D0F80080D0F8FE
:104D80001090B0F90800FFF7E4FF0295019400903D
:104D900033464A464146384600F0D8FC059005980F
:104DA00007B0BDE8F083446805680769B0F90800FA
:104DB000FFF7CFFF05AB019300903346BAB2294607
:104DC000204600F000FD0128E9D00020E8E708B502
:104DD00000B9012000F07CFE002008BD00F10803AE
:104DE00043604FF0FF328260C360036100230360C1
:104DF000704700230361704743684B609A688A607C
:104E0000516099600861036801330360704730B4F2
:104E10000D68B5F1FF3F11D000F108031C465B6837
:104E20001A68AA42FAD963684B6099608C60616025
:104E3000086103680133036030BC70470469F2E71E
:104E40000369416882688A60416851605A68824299
:104E500006D0002202611A68013A1A601868704789
:104E600082685A60F5E7000082B0002301930D4B81
:104E70001B68B3F1FF3F08D04FF0500383F3118854
:104E8000BFF36F8FBFF34F8FFEE74FF0500383F3F5
:104E90001188BFF36F8FBFF34F8F019B002BFCD0A6
:104EA00002B070472000002008480068006880F3C6
:104EB00008884FF0000080F3148862B661B6BFF333
:104EC0004F8FBFF36F8F00DF00BF000008ED00E0E1
:104ED000DFF80C00016841F47001016070470000C8
:104EE00088ED00E04FF0807340F8043C21F00101B0
:104EF00040F8081C054B40F80C3C40F8202C6FF0A3
:104F0000020340F8243C4438704700BF694E000853
:104F1000074B19680868B0E8F04F80F30988BFF3C1
:104F20006F8F4FF0000080F311887047AFF300805F
:104F3000804E00204FF0500383F31188BFF36F8F32
:104F4000BFF34F8F0B4A136801331360012B00D05E
:104F500070474FF0E023D3F8043D13F0FF0FF7D074
:104F60004FF0500383F31188BFF36F8FBFF34F8F60
:104F7000FEE700BF20000020094B1B6843B94FF03B
:104F8000500383F31188BFF36F8FBFF34F8FFEE79A
:104F9000013B034A13600BB983F31188704700BFCC
:104FA00020000020000000000000000000000000C1
:104FB000EFF30980BFF36F8F154B1A681EF0100FC7
:104FC00008BF20ED108A20E9F04F10602DE909009C
:104FD0004FF0500080F31188BFF34F8FBFF36F8FF6
:104FE00000F09CFD4FF0000080F3118809BC1968A7
:104FF0000868B0E8F04F1EF0100F08BFB0EC108A40
:1050000080F30988BFF36F8F704700BFAFF3008054
:10501000804E002008B54FF0500383F31188BFF392
:105020006F8FBFF34F8F00F04BFC28B14FF0E023A0
:105030004FF08052C3F8042D002383F3118808BD7C
:105040004FF0E022002313619361054B1B68054973
:10505000A1FB03139B09013B5361072313617047B5
:1050600014000020D34D62104FF0E023D3F8002D40
:105070003D4B9A421CD04FF0E023D3F8002D3B4B20
:105080009A421ED030B583B0394B1A78D2B2019211
:10509000FF221A701B78DBB28DF803309DF80330C5
:1050A00003F05003334A1370334B07221A601BE09E
:1050B0004FF0500383F31188BFF36F8FBFF34F8F0F
:1050C000FEE74FF0500383F31188BFF36F8FBFF3F8
:1050D0004F8FFEE7284A1368013B13609DF80330A9
:1050E0005B00DBB28DF803309DF8033013F0800FC6
:1050F000F0D1214B1B68032B08D04FF0500383F3F2
:105100001188BFF36F8FBFF34F8FFEE71B021A4A60
:10511000136003F4E0631360019BDBB2144A137065
:105120004FF0E024D4F8203D43F47003C4F8203D50
:10513000D4F8203D43F07043C4F8203DFFF780FFD2
:1051400000250E4B1D60FFF7C3FED4F8343F43F03B
:105150004043C4F8343FFFF7A7FE00F0DFFCFFF741
:1051600083FE284603B030BD71C20F4170C20F41AB
:1051700000E400E034110020301100202000002065
:10518000124A12F0070F1ED0D11D21F00701C1F500
:10519000705313440A460E480260002141601344D4
:1051A000083B23F007030B48036059601960991A04
:1051B00051601360084B1960084B1960084B4FF0A1
:1051C00000421A6070474FF47053E4E75811002012
:1051D000501100204C1100204411002048110020E3
:1051E00038110020164B1A461B688342FBD35168C6
:1051F00002EB010C844509D0416800EB010C6345CA
:1052000009D00360904219D0106070474068014493
:1052100051601046F0E710B40A4C2468A3420BD04A
:105220005B681944416013681B680360904200D0BA
:1052300010605DF8044B70470460F7E7704700BFEB
:10524000501100204C11002038B5044600F030FB0E
:10525000384B1B68B3B1384B1B681C4250D1002C33
:1052600050D004F1080214F0070F02D022F0070218
:105270000832002A55D0314B1B68934253D3304932
:105280000C6804E0FFF77CFFE5E721461C466368F5
:10529000934202D22368002BF7D1264B1B68A3420E
:1052A00043D00D68083523680B6063689B1A102B88
:1052B00010D9A01810F0070F08D04FF0500383F357
:1052C0001188BFF36F8FBFF34F8FFEE743606260BB
:1052D000FFF788FF626819490B689B1A0B60194930
:1052E00009688B4201D217490B60134B1B681343AB
:1052F000636000232360144A13680133136002E0E3
:10530000002500E0002500F067FB15F0070F0ED028
:105310004FF0500383F31188BFF36F8FBFF34F8FAC
:10532000FEE70025EFE70025EDE70025EBE728463F
:1053300038BD00BF4C11002038110020481100205A
:10534000501100204411002040110020002834D0CA
:1053500038B50446A0F1080550F8043C174A126815
:10536000134208D14FF0500383F31188BFF36F8FBE
:10537000BFF34F8FFEE750F8081C41B14FF05003C8
:1053800083F31188BFF36F8FBFF34F8FFEE723EADC
:10539000020340F8043C00F08BFA54F8041C084A5D
:1053A00013680B4413602846FFF71CFF054A136877
:1053B0000133136000F010FB38BD70473811002036
:1053C000481100203C110020084B1B681B6823B9C2
:1053D000074B4FF0FF321A607047044B1B68DB68C5
:1053E000DB685A68024B1A60704700BFC84D002046
:1053F000604D00202DE9F04707469846089DDDF8EE
:1054000024900A9C266B02F18042013A06EB820648
:1054100026F00706002964D008464FF0000CBCF1C6
:105420000F0F09D810F80C2004EB0C0383F834207C
:1054300012B10CF1010CF2E7002384F84330062D81
:1054400000D90625E56265644FF0000AC4F848A05B
:10545000201DFFF7CEFC04F11800FFF7CAFC246101
:10546000C5F10705A5616462C4F890A184F894A110
:105470004FF4A072514604F1500003F0C3FA1B4BE5
:10548000636503F16802A265D033E365012200235E
:10549000C4E93A2343F20E33A4F8F0304AF6CD3390
:1054A000A4F8F23041F23423A4F8F4304EF26D63E4
:1054B000A4F8F6304DF6EC63A4F8F8300523A4F810
:1054C000FA300B23A4F8FC30424639463046FFF749
:1054D00009FD2060B9F1000F01D0C9F80040BDE816
:1054E000F087002384F83430A9E700BFF45500208A
:1054F00038B5002407E004EB840293000E481844FA
:10550000FFF76CFC0134062CF5D90C4D2846FFF74B
:1055100065FC0B4C2046FFF761FC0A48FFF75EFC78
:105520000948FFF75BFC0948FFF758FC084B1D6072
:10553000084B1C6038BD00BFF44D0020E04D00203A
:10554000CC4D0020B04D00209C4D0020844D00200B
:10555000C84D0020C44D002010B50446FFF7EAFCFA
:10556000214A136801331360204B1B685BB1204B49
:105570001B686BB91D4B1B68DA6AE36A9A4207D84D
:105580001A4B1C6004E0194B1C601368012B28D0D7
:10559000184A136801331360E06A01238340164AF6
:1055A00011680B43136000EB8000211D134B03EBCC
:1055B0008000FFF721FCFFF7DFFC0D4B1B687BB180
:1055C0000A4B1B68DA6AE36A9A4209D24FF0E02379
:1055D0004FF08052C3F8042DBFF34F8FBFF36F8F8E
:1055E00010BDFFF785FFD3E7804D0020804E0020DF
:1055F000744D0020644D0020784D0020F44D0020B3
:1056000010B50446503003F061FA94F8953163B157
:10561000012B11D0022B0ED04FF0500383F31188D1
:10562000BFF36F8FBFF34F8FFEE7206BFFF78EFE48
:105630002046FFF78BFE10BD2046FFF787FEFAE7F6
:105640000F4B1B68D3B110B5FFF774FC0D4BDB6833
:10565000DC68201DFFF7F4FB0B4A1368013B136065
:10566000074A1368013B1360FFF786FC2046FFF7EB
:10567000C7FF034B1B68002BE6D110BD704700BF6E
:10568000984D00209C4D0020804D002008B5FFF76C
:10569000D7FF074B1B68012BF9D94FF0E0234FF0E0
:1056A0008052C3F8042DBFF34F8FBFF36F8FEEE727
:1056B000F44D002070B504460D461D4B1E681D4B71
:1056C00018680430FFF7BCFB48B91A4B1B68DB6A4B
:1056D00001229A4018490B6823EA02030B60B4F1D7
:1056E000FF3F0DD03444134B1B685C60A64210D9B9
:1056F000124B18680F4B19680431FFF788FB70BD17
:10570000002DEFD00B4B196804310D48FFF774FBE7
:10571000F5E70C4B1868074B19680431FFF777FB66
:10572000094B1B68A342EAD9074B1C60E7E700BF9F
:105730007C4D0020804E0020784D0020C44D00207C
:10574000844D0020C84D0020604D002030B587B04A
:105750000B9C8CB10C9DC5B14FF4CC750495049D88
:10576000B5F5CC7F1AD04FF0500383F31188BFF307
:105770006F8FBFF34F8FFEE74FF0500383F3118815
:10578000BFF36F8FBFF34F8FFEE74FF0500383F3EC
:105790001188BFF36F8FBFF34F8FFEE7049D0C9D01
:1057A0002C63022485F8954100240394029505ACEE
:1057B00001940A9C0094FFF71DFE0C98FFF7CCFEA5
:1057C000059807B030BD2DE9F04385B007468846FF
:1057D00014461E469000FFF737FD10B381464FF484
:1057E000CC70FFF731FD0546A8B1C0F8309000231A
:1057F00080F89531039302900D9B01930C9B0093CD
:105800003346224641463846FFF7F4FD2846FFF767
:10581000A3FE012007E04846FFF798FD4FF0FF3058
:1058200001E04FF0FF3005B0BDE8F08310B588B05F
:1058300000240594069407AA06A905A8FBF784FC92
:10584000059B0293069B019300942346079A1049F7
:105850001048FFF77BFF104B1860B8B14FF05003B2
:1058600083F31188BFF36F8FBFF34F8F0B4B1B6810
:1058700050330B4A13600B4B4FF0FF321A600A4B48
:1058800001221A60094B1C60FFF7EEFB08B010BD47
:105890001C0501088D5600085C4D0020804E00203C
:1058A000FC000020604D0020744D00207C4D002045
:1058B000024A136801331360704700BF584D00203F
:1058C000F8B53A4B1B68002B69D1394B1D6801357F
:1058D0001D60C5B9374B1B681B6843B14FF05003BF
:1058E00083F31188BFF36F8FBFF34F8FFEE7314A09
:1058F0001168314B186810601960304A1368013321
:105900001360FFF761FD2E4B1B68AB423DD90027AA
:105910002C4B1B68DB6A03EB83039A002A4B9B58D2
:10592000012B00D90127294B1B68002B3CD00127F4
:105930003AE001271F4B1B681B6843B31D4B1B68D4
:10594000DB68DC6863689D4226D3261D3046FFF77E
:1059500077FAA36A1BB104F11800FFF771FAE36A42
:1059600001229A401A49086802430A6003EB830344
:105970009A00314614481044FFF73EFAE26A114B90
:105980001B68DB6A9A42D4D2D4E70027D2E70C4BDB
:105990004FF0FF321A60BBE7094A1360B8E70D4ABF
:1059A00013680133136000273846F8BD584D0020B6
:1059B0007C4D0020C84D0020C44D0020684D0020C3
:1059C000604D0020804E0020F44D00206C4D0020E2
:1059D000784D0020704D002038B5354B1B6843B919
:1059E0004FF0500383F31188BFF36F8FBFF34F8FD6
:1059F000FEE7FFF79FFA2E4B1A68013A1A601B6800
:105A0000002B4FD12B4B1B680BB900244BE000241B
:105A1000294B1B681BB3284BDB68DC6804F11800BA
:105A2000FFF70EFA251D2846FFF70AFAE06A012360
:105A30008340224A11680B43136000EB8000294623
:105A40001F4B03EB8000FFF7D7F9E26A1D4B1B6881
:105A5000DB6A9A42DCD31C4B01221A60D8E70CB1F6
:105A6000FFF7B2FC194B1C6884B9174B1C68D4B102
:105A70004FF0E0234FF08052C3F8042DBFF34F8F57
:105A8000BFF36F8F01240EE0013C07D0FFF718FF32
:105A90000028F9D00C4B01221A60F5E70B4B0022CD
:105AA0001A60E2E70024FFF767FA204638BD00BF1E
:105AB000584D0020804D0020B04D0020784D002032
:105AC000F44D0020804E00206C4D0020704D0020D1
:105AD00010B5A8B10446104B1B6843B14FF05003FA
:105AE00083F31188BFF36F8FBFF34F8FFEE7FFF78C
:105AF000DFFE00212046FFF7DDFDFFF76DFF48B90F
:105B00004FF0E0234FF08052C3F8042DBFF34F8FC6
:105B1000BFF36F8F10BD00BF584D0020224B1B6894
:105B20001BB1224B01221A607047204B00221A60E1
:105B30001F4B1B68B3FA83F3DBB2C3F11F0303EB04
:105B400083018A001B498A5842B94FF0500383F3FE
:105B50001188BFF36F8FBFF34F8FFEE7154803EB3C
:105B600083018A00024451684968516003EB830C49
:105B70004FEA8C020832024491420DD003EB8303BA
:105B80009A000C4B13445B68DA680B4B1A601B6875
:105B900050330A4A13607047486862469100054ACC
:105BA0000A445060EAE700BF584D00206C4D0020C9
:105BB000784D0020F44D0020804E0020FC00002095
:105BC0007047704710B5FCF7A7FA0446FCF7A4FA33
:105BD000A042FBD0FCF7A0FA10BD10B504E04FF4D2
:105BE0007A70FFF7EFFF2046431E9CB20028F6D1E3
:105BF00010BD000008B5002210210248FDF732FA5E
:105C000008BD00BF0000024008B501221021024873
:105C1000FDF728FA08BD00BF0000024008B50022C9
:105C200001210248FDF71EFA08BD00BF0004024032
:105C300008B5012211460248FDF714FA08BD00BF5D
:105C40000004024000B587B08DF80F004FF47A735E
:105C5000009301230DF117020DF10F010348FDF729
:105C600058FE9DF8170007B05DF804FB400D0020BA
:105C700010B50C46FFF7E6FF2046FFF7E3FF10BD27
:105C800010B50C4640F08000FFF7DCFF5520FFF711
:105C9000D9FF207010BD38B50D46144640F0800085
:105CA000FFF7D0FF06E05520FFF7CCFF05F8010B0A
:105CB000013CE4B2002CF6D138BD000070B5FFF70E
:105CC00099FF8020FFF7BEFF5520FFF7BBFF55204F
:105CD000FFF7B8FFFFF798FF9620FFF773FFFFF776
:105CE00089FF8020FFF7AEFF5520FFF7ABFF55205F
:105CF000FFF7A8FFFFF788FF9620FFF763FFFFF786
:105D000079FFB6217E20FFF7B3FFFFF77DFF50201C
:105D1000FFF763FFFFF76EFF8020FFF793FF55202B
:105D2000FFF790FF5520FFF78DFFFFF76DFF9620DF
:105D3000FFF748FFFFF75EFF8020FFF783FF552046
:105D4000FFF780FF5520FFF77DFF0446FFF75CFF5C
:105D50009620FFF737FF1E2C32D10024052C2DD8BA
:105D6000FFF748FF174A04EB4403D1184E78D55C7F
:105D700031462846FFF77CFFFFF746FF9620FFF7E6
:105D800021FFFFF737FF45F08000FFF75BFF55204D
:105D9000FFF758FF5520FFF755FF0546FFF734FF83
:105DA0009620FFF70FFFAE4202D10134E4B2D5E7EF
:105DB00004EB4404034B2344987800E0002070BDBA
:105DC000FF20FCE71007010870B582B000248DF8B1
:105DD0000740FFF723FF0DF107012046FFF750FFB3
:105DE000FFF726FF9620FFF7EDFEFFF717FF0DF1F7
:105DF00007012046FFF744FFFFF71AFF9620FFF741
:105E0000E1FEFFF70BFFB6211420FFF731FFFFF78C
:105E10000FFF5020FFF7E1FEFFF700FF0DF1070134
:105E20002046FFF72DFFFFF703FF9620FFF7CAFE7E
:105E3000FFF7F4FE0DF107012046FFF721FFFFF702
:105E4000F7FE9620FFF7BEFE9DF807300F2B2ED1F0
:105E5000052C29D8FFF7E2FE164A04EB4403D118BB
:105E60004D78D65C29463046FFF702FFFFF7E0FE8B
:105E70009620FFF7A7FEFFF7D1FE0DF10701304690
:105E8000FFF7FEFEFFF7D4FE9620FFF79BFE9DF87E
:105E900007309D4202D10134E4B2D9E704EB440457
:105EA000044B2344987800E0002002B070BDFF202E
:105EB000FBE700BFFC06010810B5FFF781FEFFF706
:105EC00080FEFFF7FBFE0446FFF77EFF2043C0B2D3
:105ED00010BD0000F0B583B006460D4614460027FD
:105EE00000970197FFF786FE9220FFF7ABFE062290
:105EF00069461220FFF7CFFEFFF786FE9DF80130BE
:105F00001B021BB29DF80020134307EE903AF8EEF7
:105F1000E77A474A92ED007A67EE877AC5ED007A14
:105F20009DF803301B021BB29DF802100B4307EED5
:105F3000903A92ED007AF8EEE77A67EE877AC5ED4F
:105F4000017A9DF805301B021BB29DF80420134313
:105F500007EE903AF8EEE77A67EE877AC5ED027AB7
:105F6000FFF75CFE082269463846FFF794FEFFF70C
:105F70005FFE9DF800300F2B27D0FFF73BFEA220DD
:105F8000FFF760FE022269462220FFF784FEFFF73A
:105F90003BFE9DF800209DF801305B0943EAC203F7
:105FA000B3F5806F01DBA3F5006307EE903AF8EEDE
:105FB000E77AB4EE007A67EE877AB3EE077A77EE87
:105FC000877AC4ED007A03B0F0BD9DF803301B0260
:105FD0001BB29DF80220134307EE903AF8EEE77AE1
:105FE000144A92ED007A67EE877AC6ED007A9DF842
:105FF00005301B021BB29DF804100B4307EE903ACC
:1060000092ED007AF8EEE77A67EE877AC6ED017ACC
:106010009DF807301B021BB29DF80620134307EEC4
:10602000903AF8EEE77A67EE877AC6ED027AA4E74F
:10603000280000202400002000B58BB0394B984286
:1060400005D0394B984237D00BB05DF804FB01AB5B
:1060500003AA0021FCF74BFA039BA3F20122062AB4
:10606000F2D8013BDBB2314A1370314903EB8302B2
:1060700001EB420031F912C0A0F808C09DF804E01D
:106080009DF805C04CEA0E2C21F812C09DF80620A0
:10609000120212B29DF807C042EA0C0242809DF83B
:1060A0000820120212B29DF809C042EA0C02828056
:1060B0009DF80A208271C7E701AB03AA0021FCF713
:1060C00016FA039BA3F20122062ABDD8013BDBB2DC
:1060D000184A1370184903EB830201EB420031F9AF
:1060E00012C0A0F808C09DF804E09DF805C04CEA75
:1060F0000E2C21F812C09DF80620120212B29DF853
:1061000007C042EA0C0242809DF80820120212B237
:106110009DF809C042EA0C0282809DF80A20827133
:1061200092E700BF10080020E8070020854E0020FD
:10613000504F0020844E0020084F002010B582B040
:106140008E4694460F494FF400720A6000228A601E
:10615000CA6008220A610C4A0412147050704FEA97
:106160002E20907082F803E04FEA2C20107182F804
:1061700005C018129071D37101AB0448FCF742F9C5
:1061800002B010BDB04E0020A84E00201008002024
:1061900010B582B08E4694460F4940F2FF120A6055
:1061A00000228A60CA6008220A610C4A0412147034
:1061B00050704FEA2E20907082F803E04FEA2C20B6
:1061C000107182F805C018129071D37101AB0448A8
:1061D000FCF718F902B010BD904E0020884E002048
:1061E0001008002010B582B08E4694460F494FF437
:1061F00000720A6000228A60CA6008220A610C4AA2
:106200000412147050704FEA2E20907082F803E050
:106210004FEA2C20107182F805C018129071D371CA
:1062200001AB0448FCF7EEF802B010BDF04E0020C0
:10623000E84E0020E807002010B582B08E46944654
:106240000F4940F2FF120A6000228A60CA600822E9
:106250000A610C4A0412147050704FEA2E2090709C
:1062600082F803E04FEA2C20107182F805C0181262
:106270009071D37101AB0448FCF7C4F802B010BDB3
:10628000D04E0020C84E0020E807002008B52D4C55
:106290002D4D2E4A21462846FFF71CFE95ED000A9B
:1062A0002B4B83ED000AD5ED010A2A4BC3ED000A02
:1062B00095ED021A284B83ED001A9FED283A284EDF
:1062C000B0EE434AF0EE433AD4ED022A94ED012AAF
:1062D000D4ED001A304600F0A3F9224CA4F10805D1
:1062E0002346221F2946304600F08CFB14ED026A3B
:1062F000DFED1D7A26EE275A1C4B83ED005A54ED34
:10630000016A66EEA75AC3ED015A95ED027A67EE6F
:10631000277AC3ED027A164B83ED005A154BC3ED75
:10632000005A154BC3ED007A144B83ED006A144BF1
:10633000C3ED006A134B83ED007A0120FEF747FDA1
:10634000A5E700BF4C0C0020580C0020480C002092
:10635000240C00202C0C0020280C00200000000041
:1063600000000020440C0020E02E6542300C00208C
:106370001C0C0020200C0020180C0020100C002009
:10638000140C00200C0C0020F6EE007A60EE277A48
:1063900010EE103A074AA2EB630307EE103A67EEDD
:1063A000277A67EE277AB7EE080A30EE670A27EEFB
:1063B000000A7047DF59375F10B52DED068B044694
:1063C000B0EE409AF0EE609AB0EE418AF0EE618A4B
:1063D000B0EE42AAF0EE62AAF5EE401AF1EE10FA23
:1063E0000AD1B5EE402AF1EE10FA05D1F5EE402AB9
:1063F000F1EE10FA00F0938068EEA87A2AEE0A7A9D
:1064000077EE877A2AEEAA0A37EE800AFFF7BCFFFA
:1064100068EE808A2AEE00AA6AEE80AA94ED017ADC
:10642000D4ED036A27EE266AD4ED007AD4ED025A41
:1064300027EEA55A36EE456A27EE277A66EEA55A6C
:1064400037EE257A67EEA77AF6EE005A77EEE57A10
:1064500066EEA66A77EEA67A6AEE275A6AEE876A31
:1064600075EEE65A6AEE86AA68EEA77A7AEEE7AA91
:1064700068EE878A2AEE06AA78EECA8A614BD3EDC7
:10648000007AF5EEC07AF1EE10FA40F3B380D3ED66
:10649000007A67EEA57A9FED5C7A67EE877A5B49B2
:1064A000D1ED006A76EEA77AC1ED007AD3ED007ADD
:1064B00067EEAA7A67EE877A554AD2ED006A76EEE1
:1064C000A77AC2ED007AD3ED007A67EEA87A67EE7C
:1064D000877A504B93ED007A77EE277AC3ED007AF6
:1064E000D1ED007A39EE279AD2ED007A79EEA79AAB
:1064F000D3ED007A38EE278A474BD3ED007A67EE6A
:10650000A57A39EE279AD3ED007A67EEAAAA79EE3A
:10651000AA9AD3ED007A67EEA87A38EE278ADFEDE3
:106520003F7A29EE270A69EEA70A28EE271AD4ED4A
:10653000006A94ED017AD4ED027A27EE409A20EEBB
:10654000A76A39EE469AD4ED039A29EE816A39EEAC
:10655000469A39EE269A84ED009A60EE268A21EE5C
:10656000276A78EE868A29EEA06A78EEC68A78EEE7
:10657000878AC4ED018A20EEA68A21EE076A38EEEA
:10658000468A29EE806A38EE068A38EE278A84ED3C
:10659000028A21EE261A60EE870A31EE201A20EEDA
:1065A000270A31EE401A79EE819AC4ED039A69EE1A
:1065B000097A28EEA87A77EE877A28EE087A77EEBD
:1065C000877A29EEA90A37EE800AFFF7DDFE29EE69
:1065D000009A84ED009A68EE808AC4ED018A28EE64
:1065E000008A84ED028A69EE809AC4ED039ABDECBC
:1065F000068B10BD0023054A1360054A1360054A47
:10660000136079E7A44F00206F12833AA04F002057
:106610009C4F0020984F00202C0000206F12033A5E
:1066200010B52DED108B86B00446B0EE40AAF0EE0A
:1066300060AAB0EE418AF0EE618AB0EE42BAB0EEE6
:1066400062CAB0EE439AF0EE63BAF0EE449AB5EE49
:10665000403AF1EE10FA0AD1F5EE403AF1EE10FAB6
:1066600005D1B5EE404AF1EE10FA00F0B181F5EE39
:10667000408AF1EE10FA0AD1B5EE40BAF1EE10FA06
:1066800005D1B5EE40CAF1EE10FA00F0358168EEA2
:10669000A87A2BEE0B7A77EE877A2CEE0C0A37EE7F
:1066A000800AFFF771FE68EE805ACDED025A2BEE9C
:1066B000005A8DED035A6CEE004ACDED044A69EEA6
:1066C000097A2BEEAB7A77EE877A29EEA90A37EEB4
:1066D000800AFFF759FE29EE009A6BEE80BA69EE48
:1066E000809AD4ED007A27EEA77A8DED057A94EDA5
:1066F00001BA27EE8BFAD4ED028A67EEA8FA94ED80
:1067000003DA67EE8D7A6BEE0BCA6BEE286A2BEE1E
:106710000DBA68EEA8EA68EE8D8A2DEE0DDAB6EEB7
:1067200000EA3EEE6ECA3CEE4DCA2CEE097A76EED9
:10673000E7DA2DEEAB6A37EE067A3FEE8B6A8DED27
:10674000016A26EE296A37EE067A37EE077A77EE87
:10675000A67A67EE897A7EEE6CCA7CEECD6A66EE2A
:10676000AB6A77EEA67A78EECF6A66EEA96A77EE24
:10677000A67A77EEA77A27EE077A67EEA77A77EE02
:10678000277A17EE900AF9F77FFE41EC100B07F01D
:10679000FFFF51EC100BF9F7CFFE07EE100A3BEEAE
:1067A0006FBA6BEE097A7FEE288A68EEAB6A77EEF5
:1067B000A67A7CEEEECA6CEEA96A77EEA67A77EE40
:1067C000A77ADDED056A76EECE6A76EE8D6A2CEE5E
:1067D00007CA2BEE276A3CEE06CA6DEE87DA28EE72
:1067E000A76A7DEE86DA9DED016A26EE077A6CEEE9
:1067F000A7CA77EE2C7A9DED035A25EE266ADDEDC9
:10680000044A28EEA47A36EE476A2BEEA77A69EEA0
:10681000AD5A37EE657A36EE076A2BEE247ADDED57
:10682000025A65EEA66A37EE667A69EE8C9A69EED0
:10683000277A79EEE79A37EE297A68EEA58A2BEE69
:1068400005BA78EECB8A29EE2D9A6BEE8CBA39EE2A
:106850006B9A78EE898A644BD3ED007AF5EEC07AB4
:10686000F1EE10FA40F3B780D3ED007A67EE867A46
:10687000DFED5E6A67EEA67A5D49D1ED005A75EEEE
:10688000A77AC1ED007AD3ED007A67EE877A67EEDA
:10689000A67A584AD2ED005A75EEA77AC2ED007A70
:1068A000D3ED007A67EEA87A67EEA67A524BD3ED65
:1068B000006A76EEA77AC3ED007AD1ED007A3AEE5F
:1068C00027AAD2ED007A7AEEA7AAD3ED007A38EEA5
:1068D000278A4A4BD3ED007A67EE867A3AEE27AAEA
:1068E000D3ED007A27EE877A7AEE87AAD3ED007A85
:1068F00067EEA87A38EE278ADFED417A2AEE27AADA
:106900006AEEA7AA28EE278A94ED006AD4ED016A00
:1069100094ED027A66EECA9A6AEE877A79EEE79A81
:10692000D4ED037A67EE885A79EEE59A79EE869A85
:10693000C4ED009A2AEE069A68EE075A39EE259AB7
:1069400067EEAA5A39EE659A39EE269A84ED019AD5
:106950006AEE868A68EE265A78EEE58A67EE8A5AEB
:1069600078EEA58A78EE878AC4ED028A28EE068A38
:106970006AEEA6AA38EE2A8A2AEE07AA38EE4A8AD2
:1069800037EE888A84ED038A69EEA97A29EE097ABE
:1069900077EE877A28EEA87A77EE877A28EE080ACB
:1069A00037EE800AFFF7F0FC69EE809AC4ED009A9A
:1069B00029EE009A84ED019A68EE808AC4ED028A7D
:1069C00028EE008A84ED038A06B0BDEC108B10BD62
:1069D000FFF7F2FCF8E70023054A1360054A13604D
:1069E000054A136075E700BFA44F00206F12833A79
:1069F000A04F00209C4F0020984F00202C0000202A
:106A00006F12033AF8B52DED028B04460F46164679
:106A10001D46D0ED000A90ED030A20EE800AD0ED6D
:106A2000017A90ED027A27EE877A30EE070A60EE5F
:106A3000A00A67EEA77A70EEA70A70EEA00AB7EE7A
:106A4000008A70EEC80A30EE000A07F08DFF87ED6D
:106A5000000AD4ED017A94ED037A67EE877A94ED1B
:106A6000007AD4ED026A27EE267A77EEC77AB8EE7E
:106A7000000A27EE800A07F04BFF86ED000AD4EDEE
:106A8000000A94ED010A20EE800A94ED027AD4ED1A
:106A9000037A27EE277A30EE070A60EEA00A67EE47
:106AA000A77A70EEA70A70EEA00A70EEC80A30EE60
:106AB000000A07F059FF85ED000ABDEC028BF8BD16
:106AC000034698B1481E99B110B413F8011B514008
:106AD000C9B2084C34F8111081EA1222014601387B
:106AE0000029F2D110465DF8044B70474FF6FF7253
:106AF000104670472407010838B51F4B1B7863B94F
:106B0000A52800D038BD1D4B00221A701C4A1070F9
:106B1000012219490A701A70F4E7174B1B78DBB28F
:106B2000012BEFD115490A78531CDBB20B701449C5
:106B30008854302BE6D10C464FF6FF722E212046AA
:106B4000FFF7BEFF94F82E3094F82F2043EA02237B
:106B5000984205D00023084A1370084A1370D1E701
:106B6000084C074D0FCD0FC40FCD0FC495E80F0093
:106B700084E80F00EEE700BFA94F0020A84F0020D7
:106B8000AC4F0020DC4F002008B50E4C4FF4806164
:106B90002046FCF76DFA6420FEF719F94FF4805196
:106BA0002046FCF765FA6420FEF711F94FF4006106
:106BB0002046FCF75DFA6420FEF709F90120FEF794
:106BC00006F9E2E7001C024010B58AB001220892E3
:106BD0000023069307920093019302930393059376
:106BE00004930E4C69462046FBF742FB2046FBF718
:106BF000DBFB02212046FBF72FFD0E2309930593B3
:106C0000074C69462046FBF733FB2046FBF7CCFBDD
:106C100002212046FBF720FD0AB010BD100800201D
:106C2000E807002010B4164B1B685C6944F0400470
:106C30005C61DC6844F01004DC60124B1C68236863
:106C400023F00103236003E01C6824F001041C60AE
:106C50000C4B1B681C6814F0010FF5D10A4C9C60AA
:106C6000D86019615A601A6842F480221A60054B94
:106C70001A68136843F0010313605DF8044B704712
:106C80009C100020340F00200448004008B5FFF796
:106C900055FA0023BDF92820BDF90810BDF90C00F4
:106CA000FFF776FABDF91C30BDF91820BDF91410B4
:106CB000BDF91000FFF796FA00231A46BDF924101B
:106CC000BDF92000FFF7B8FA08BD000000B58BB091
:106CD00011E0002008900790069005900490039022
:106CE000029001900090034602460146FFF7CEFF56
:106CF0000120FEF76CF82C4BB3F900202B4BB3F9B5
:106D00000030002B18BF002AE3D0294BB3F9003024
:106D1000022B28D0012B18BF032B34D1254B1B8805
:106D200003EB83039A0012B20892002007900690AA
:106D3000214BB3F900300593204BB3F90030049395
:106D40001F4BB3F90030039302901E4BB3F9003090
:106D500001931D4BB3F900300093034602460146F0
:106D6000FFF794FFC4E70020089007900690059075
:106D70000490039002900190009003460246014661
:106D8000FFF784FFB4E70020089007900690059075
:106D90000490039002900190009003460246014641
:106DA000FFF774FFA4E700BF040D0020FC0C0020D7
:106DB000300D0020380D00208C0C0020900C00209D
:106DC000940C00209C0C0020A80C002008B5544B0B
:106DD000B3F90000012814BF00230123514AB2F97E
:106DE0000010012914BF00220122134223D04E4B70
:106DF00000221A604D4BB3F90000012814BF002394
:106E000001234B4AB2F90010012914BF00220122CC
:106E1000134246D0474B00221A60FBF77DF9464BE0
:106E20001B68C01AB0F5967F04D9444BB3F9003003
:106E3000012B6CD008BD002914BF002303F001030F
:106E400073B13F4BD3ED007A9FED3E7A77EEC77A70
:106E5000B5EE007A67EE877A334BC3ED007AC9E767
:106E6000002814BF002202F0010272B1344B93EDEE
:106E7000007ADFED347A37EE677AF5EE007A67EE66
:106E8000C77A294BC3ED007AB4E72F4BB3F9003032
:106E90009B0007EE903AF8EEE77A234BC3ED007AB9
:106EA000A8E7002914BF002303F0010373B1244BAA
:106EB00093ED007ADFED237A37EE677AF5EE007A0C
:106EC00067EEC77A1B4BC3ED007AA6E7002814BF14
:106ED000002202F0010272B1194BD3ED007A9FED4E
:106EE000197A77EEC77AB5EE007A67EE877A114B9A
:106EF000C3ED007A91E7154BB3F900309B0007EE24
:106F0000903AF8EEE77A0B4BC3ED007A85E7FBF792
:106F100003F9094B18600E4A13880133138089E77F
:106F20002C0D00202A0D0020F40C0020280D00203C
:106F3000260D0020F80C0020DC0C0020200D002085
:106F4000740C002000007A45380D00203A0D002016
:106F5000D80C00200B4B5B8EA3F581530B3B07EE47
:106F6000903AF8EEE77ADFED086A87EEA67A074BEB
:106F700083ED007ADFED067A27EE277A054B83ED65
:106F8000007A7047504F0020610BB641E40C00209E
:106F900035FA8E3CE00C002008B52DED068B1C4B1D
:106FA0001868F9F771FA41EC190BB0EE490AF0EEE6
:106FB000690A07F021FC51EC100BF9F7BDFA08EE55
:106FC000900A144B93ED008A28EE88AAB0EE490A85
:106FD000F0EE690A07F054FC51EC100BF9F7ACFA2B
:106FE00007EE900A0C4B93ED007A67EE876A3AEE53
:106FF00066AA0A4B83ED00AA28EE278A68EE878AE4
:1070000038EE288A064B83ED008ABDEC068B08BD5E
:10701000E00C0020F80C0020F40C0020F00C002004
:10702000EC0C002008B5DFED050A9FED050A054AC6
:107030000021054800F0C7FE08BD00BF00007A44EB
:1070400000008046600000202C51002010B500EEAA
:10705000900A0A4BB3F9023000EE103A084CF8EEF1
:10706000E00AB8EEC00A204600F0C6FED4ED087A69
:10707000FDEEE77A17EE903A18B210BD504F00209F
:107080002C51002008B5DFED050A9FED050A054AE1
:107090000021054800F097FE08BD00BF00007A44BB
:1070A0000000804654000020E450002010B500EE9F
:1070B000900A0A4BB3F90C3000EE103A084CF8EE87
:1070C000E00AB8EEC00A204600F096FED4ED087A39
:1070D000FDEEE77A17EE903A18B210BD504F00203F
:1070E000E450002008B5DFED050A9FED050A054ACA
:1070F0000021054800F067FE08BD00BF00007A448B
:1071000000008046480000209C50002010B500EE92
:10711000900A0A4BB3F9163000EE103A084CF8EE1C
:10712000E00AB8EEC00A204600F066FED4ED087A08
:10713000FDEEE77A17EE903A18B210BD504F0020DE
:107140009C50002008B5DFED050A9FED050A054AB1
:107150000021054800F037FE08BD00BF00007A445A
:10716000000080463C0000205450002010B500EE86
:10717000900A0A4BB3F9203000EE103A084CF8EEB2
:10718000E00AB8EEC00A204600F036FED4ED087AD8
:10719000FDEEE77A17EE903A18B210BD504F00207E
:1071A0005450002008B50E4BB3F90000FFF74EFF16
:1071B0000C4B18800C4BB3F90000FFF777FF0B4B1B
:1071C00018800B4BB3F90000FFF7A0FF094B1880A4
:1071D000094BB3F90000FFF7C9FF084B188008BD41
:1071E000D60C0020D40C0020D00C0020CE0C0020A7
:1071F000CA0C0020C80C0020C40C0020C20C0020C7
:1072000008B5DFED050A9FED050A054A002105488E
:1072100000F0D9FD08BD00BF0000000000409C4503
:10722000300000200C50002010B5F0EE400A064B54
:107230005B8E00EE103A054CB8EE400A204600F096
:10724000DBFD94ED080A10BD504F00200C500020CB
:1072500010B57A4BD3ED006A794B93ED007A76EE58
:10726000C77AFDEEE77A17EE903A1BB2754A1380A3
:1072700076EE877AFDEEE77A17EE902A10B2724A20
:10728000108077EE667AFDEEE77A17EE902A11B25B
:107290006E4A1180B1EE477A37EE667ABDEEC77A54
:1072A00017EE102A12B26A4C228007EE903AF8EEDE
:1072B000E77AF0EEE77A07EE100AB8EEC77AB0EE9A
:1072C000C77A77EE877A07EE101AB8EEC77AB0EE73
:1072D000C77A77EE877A07EE102AB8EEC77AB0EE53
:1072E000C77A77EE877A5B4BC3ED007A5A4B93ED02
:1072F000007A77EEC77A594BC3ED007AF5EEC07A83
:10730000F1EE10FA6AD4564B00221A60554B012256
:107310001A804C4BB3F9003007EE903AF8EEE77A5A
:107320004F4B93ED007A77EE877AFDEEE77A17EE12
:10733000903A1BB24C4A1380434AB2F9002007EE40
:10734000902AF8EEE77A77EE277AFDEEE77A17EEE5
:10735000902A10B2454A10803C4AB2F9002007EE4C
:10736000902AF8EEE77A77EE277AFDEEE77A17EEC5
:10737000902A11B23E4A1180354AB2F9002007EE38
:10738000902AF8EEE77A37EE277ABDEEC77A17EE45
:10739000102A12B2374C228007EE903AF8EEE77AC4
:1073A000F0EEE77A07EE100AB8EEC77AB0EEC77AC9
:1073B00077EE877A07EE101AB8EEC77AB0EEC77A82
:1073C00077EE877A07EE102AB8EEC77AB0EEC77A62
:1073D00077EE877A284BC3ED007A10BD214B00224F
:1073E0001A80264BB3F90030012B13D0032B90D118
:1073F000234BB3F90030002B03F00103B8BF5B420D
:10740000012B0FD1B5EE007A67EE877A144BC3EDEE
:10741000007A7EE7B5EE007A67EE877A104BC3ED0F
:10742000007A76E79FED170AFFF7FEFE164B83ED15
:10743000000A0B4B83ED000A6BE700BFF00C002045
:10744000EC0C0020D20C0020CC0C0020C60C00203C
:10745000C00C0020BC0C0020740C0020B40C0020D8
:10746000E80C0020B00C0020D60C0020D00C00202E
:10747000CA0C0020C40C0020700C0020300D00202D
:10748000D80C002000588145B80C002008B5FFF743
:107490009DFCFFF75FFDFFF77FFDFFF7D9FEFFF7CC
:1074A00081FE0020FDF793FCF1E7000008B5FAF734
:1074B00033FE074B1B68C01AB0F5967F03D9054B06
:1074C00000221A8008BD034B01221A80FAE700BF90
:1074D000000D0020040D0020064B93F83830362BA9
:1074E00003D8054B01221A807047034B00221A80F3
:1074F000704700BF504F0020FC0C002008B5FFF77C
:10750000D5FFFFF7E9FF0120FDF761FCF7E7000079
:1075100008B544E06C490020088072E06B49002007
:10752000088074E06A490020088076E069490020FC
:10753000088078E06849002008807AE067490020E8
:1075400008807CE06649002008807FE065490020D3
:10755000088082E064490020088085E063490020BB
:10756000088088E06249002008808BE061490020A3
:1075700008808EE060490020088091E05F4900208B
:10758000088094E05E4B0121198012F4004F40F016
:1075900096805C4B00221A800120FDF718FC5A4BA4
:1075A0001B68B3F90010594A1180B3F90210584A08
:1075B0001180B3F90410574A1180B3F90610564AE6
:1075C0001180B3F90810554A1180997A544A1180F4
:1075D000D97A544A1180B3F90C10534A1180B3F987
:1075E0000E10524A1180997C514A1180D97C514A1F
:1075F00011809A8A93B212F0010F8BD03249012088
:10760000088013F0020F89D030490120088013F060
:10761000040F87D02E490120088013F0080F85D071
:107620002C490120088013F0100F83D02A49012033
:10763000088013F0200F81D028490120088013F022
:10764000400F3FF47FAF26490120088013F0800FE0
:107650003FF47CAF23490120088013F4807F3FF47E
:1076600079AF21490120088013F4007F3FF476AF01
:107670001E490120088013F4806F3FF473AF1C494A
:107680000120088013F4006F3FF470AF1949012006
:10769000088013F4805F3FF46DAF17490120088024
:1076A00013F4005F3FF46AAF14490120088013F41B
:1076B000804F7FF467AF124B0021198065E7114BB3
:1076C00001221A8068E700BF2C0D00202A0D00203F
:1076D000280D0020260D0020240D0020220D002062
:1076E000200D00201E0D00201C0D00201A0D002072
:1076F000180D0020160D0020140D0020120D002082
:10770000100D00200E0D00203C0D00203A0D002031
:10771000380D0020360D0020340D0020320D0020E1
:10772000300D00202E0D00200C0D00200A0D002031
:10773000080D0020060D0020184BB3F9003007EEAD
:10774000903AF8EEE77A9FED167A67EE877A154B56
:1077500093ED007A77EE877A9FED137AF4EEC77A8D
:10776000F1EE10FA06DD9FED117A77EEC77AC3EDE0
:10777000007A70479FED0E7AF4EEC77AF1EE10FAB8
:1077800007D59FED0A7A77EE877A064BC3ED007A2C
:107790007047044BC3ED007A704700BF360D0020E0
:1077A00017B7D1B8A40C0020000034430000B44344
:1077B000000034C308B52D4B1B882D4A1288134393
:1077C0001BB28BBB2B4BB3F9003007EE903AF8EEAF
:1077D000E77A9FED297A27EE877AB5EEC07AF1EE47
:1077E00010FA22D4254B93ED007AB5EEC07AF1EE73
:1077F00010FA30DD224B00221A60224BB3F9003020
:10780000012B30D1204BB3F9003007EE903AF8EE5F
:10781000E77A9FED1E7A67EE877A1D4B93ED007A2B
:1078200077EE877AC3ED007A08BD144BD3ED006A7A
:10783000BBEE0E7AF4EEC76AF1EE10FA03D5104BE8
:1078400000221A60D9E7B9EE047A67EE877A0C4B0A
:10785000C3ED007AD1E7B9EE047A67EE877A084B78
:10786000C3ED007AC9E7FFF767FFCBE70A0D0020F9
:107870000C0D0020340D0020A69BC4BA200C002063
:10788000A00C00202E0D0020360D002017B7D1B817
:10789000A40C0020144BD3ED007A144B93ED007A26
:1078A00037EE677ADFED126AB4EEE67AF1EE10FA9F
:1078B00007D59FED107A77EEC77A0F4BC3ED007AAC
:1078C0007047DFED0E6AB4EEE67AF1EE10FA07DDEE
:1078D0009FED087A77EE877A074BC3ED007A704701
:1078E000054BC3ED007A70471C0C0020A40C00204F
:1078F000000034C30000B443080C002000003443EF
:10790000104BB3F90030022B0ED04EF66C630E4ACA
:1079100013800E4A13800E4A13800E4A13800E4ABB
:1079200013800E4A138070470023074A1380074ACA
:107930001380074A1380074A1380074A1380074AB7
:10794000138070472E0D00209A0C0020960C00200A
:10795000920C00208E0C00208A0C0020860C002047
:1079600008B5DFED050AB2EE000A044A002104481A
:1079700000F029FA08BD00BF00000000D800002078
:10798000FC53002010B5F0EE400A054C054B93ED7A
:10799000000A204600F030FA94ED080A10BD00BF3E
:1079A000FC530020080C002008B5DFED050A9FED10
:1079B000050A054A0021054800F005FA08BD00BF88
:1079C00000409C450060EA46CC0000204454002062
:1079D00010B5F0EE400A094C094B93ED000A204621
:1079E00000F00AFA94ED080ABDEEC00A10EE103A53
:1079F0001BB200EE103AB8EEC00A10BD445400208D
:107A0000280C002008B5DFED050A9FED050A054AA0
:107A10000021054800F0D7F908BD00BF00000000B4
:107A200000008046C0000020B453002010B5F0EEE6
:107A3000400A0B4BB3F92A3000EE103A094CB8EE6D
:107A4000C00A204600F0D8F994ED080ABDEEC00A3D
:107A500010EE103A1BB200EE103AB8EEC00A10BD9C
:107A6000504F0020B453002008B50E4B93ED000A90
:107A7000FFF788FF0C4B83ED000AFFF7A9FFBDEE6F
:107A8000C00A0A4B10EE102A1A80094B93ED000A27
:107A9000FFF7CCFFBDEEC00A064B10EE102A1A808D
:107AA00008BD00BFA40C0020AC0C0020A80C0020D6
:107AB000A00C00209C0C002008B5DFED050AB7EEF5
:107AC000000A044A0021044800F07DF908BD00BF07
:107AD00000000000B40000206C53002008B5DFED6A
:107AE000050A9FED050A054A0021054800F06BF9DB
:107AF00008BD00BF00409C4500007A46A800002059
:107B00002453002010B500EE900A0A4BB3F902305E
:107B100000EE103A084CF8EEE00AB8EEC00A204633
:107B200000F06AF9D4ED087AFDEEE77A17EE903AA4
:107B300018B210BD084F00202453002008B5DFED17
:107B4000050A9FED050A054A0021054800F03BF9AA
:107B500008BD00BF00409C4500007A469C00002004
:107B6000DC52002010B500EE900A0A4BB3F90C303D
:107B700000EE103A084CF8EEE00AB8EEC00A2046D3
:107B800000F03AF9D4ED087AFDEEE77A17EE903A74
:107B900018B210BD084F0020DC52002008B5DFED00
:107BA000050A9FED050A054A0021054800F00BF97A
:107BB00008BD00BF00409C4500007A4690000020B0
:107BC0009452002010B500EE900A0A4BB3F916301B
:107BD00000EE103A084CF8EEE00AB8EEC00A204673
:107BE00000F00AF9D4ED087AFDEEE77A17EE903A44
:107BF00018B210BD084F00209452002008B5DFEDE8
:107C0000050A9FED050A054A0021054800F0DBF84A
:107C100008BD00BF00409C4500007A46840000205B
:107C20004C52002010B500EE900A0A4BB3F92030F8
:107C300000EE103A084CF8EEE00AB8EEC00A204612
:107C400000F0DAF8D4ED087AFDEEE77A17EE903A14
:107C500018B210BD084F00204C52002008B5DFEDCF
:107C6000050A9FED050A054A0021054800F0ABF81A
:107C700008BD00BF00409C4500007A467800002007
:107C80000452002010B500EE900A0A4BB3F92A30D6
:107C900000EE103A084CF8EEE00AB8EEC00A2046B2
:107CA00000F0AAF8D4ED087AFDEEE77A17EE903AE4
:107CB00018B210BD084F00200452002008B5DFEDB7
:107CC000050A9FED050A054A0021054800F07BF8EA
:107CD00008BD00BF00409C4500007A466C000020B3
:107CE000BC51002010B500EE900A0A4BB3F93430B5
:107CF00000EE103A084CF8EEE00AB8EEC00A204652
:107D000000F07AF8D4ED087AFDEEE77A17EE903AB3
:107D100018B210BD084F0020BC51002008B5154B0B
:107D2000B3F90000FFF7EEFE134B1880134BB3F9C5
:107D30000000FFF717FF124B1880124BB3F9000039
:107D4000FFF740FF104B1880104BB3F90000FFF70E
:107D500069FF0F4B18800F4BB3F90000FFF792FF3C
:107D60000D4B18800D4BB3F90000FFF7BBFF0C4B18
:107D7000188008BD9A0C0020980C0020960C00205A
:107D8000940C0020920C0020900C00208E0C0020FF
:107D90008C0C00208A0C0020880C0020860C00200F
:107DA000840C002008B5FFF7ABFDFFF7B7FFFFF726
:107DB00001FDFFF76FFDFFF757FE00F00FFB0020FE
:107DC000FDF705F8EFE7B0B1AAB1017011684160A5
:107DD000516881609268C26080ED040AC0ED050AB6
:107DE00000228263426302630262C2628262426272
:107DF00042640264C26370470346002800F0A38017
:107E0000D0ED107AC0ED117A90ED0F7A80ED107AF6
:107E1000C0ED060A80ED070A70EEC00AC0ED0F0A39
:107E20000278002A4CD1D0ED017A60EEA77AC0ED3D
:107E3000097AD0ED0A6A90ED026A20EE866A76EE43
:107E4000866AC0ED0A6A426B8263026B426370EE1F
:107E5000C70AC0ED0C0A90ED037A60EE870AC0ED08
:107E60000B0A90ED057AF4EEC76AF1EE10FA13DD15
:107E700080ED0A7A93ED0A7A77EE877A70EEA70A98
:107E8000C3ED080AD3ED047AF4EEE70AF1EE10FA36
:107E90000CDDC3ED087A15E0B1EE477AF4EEC76A5F
:107EA000F1EE10FAE6D580ED0A7AE3E7F1EE677AB3
:107EB000F4EEE70AF1EE10FA04D5C3ED087A01E01A
:107EC000012A02D093ED080A7047D0ED016A30EE26
:107ED000C76A66EE866AC0ED096A90ED026A20EE16
:107EE000866A80ED0A6A426B8263026B426337EEF8
:107EF000077A70EEC70A77EEA07AC0ED0C7A90EDA3
:107F0000037A67EE877AC0ED0B7A90ED087A76EE09
:107F1000866A77EEA67A77EE277AC0ED087A90ED3A
:107F2000047AF4EEC77AF1EE10FA02DD80ED087AF9
:107F3000C8E7B1EE477AF4EEC77AF1EE10FAC1D590
:107F400080ED087ABEE79FED010A7047000000004F
:107F50001A4BB3F90030013B092B2DD8DFE803F0B1
:107F600005090D1115191D212529154B154A1A60F2
:107F70007047134B144A1A607047114B134A1A602A
:107F800070470F4B124A1A6070470D4B114A1A6026
:107F900070470B4B104A1A607047094B0F4A1A6022
:107FA0007047074B0E4A1A607047054B054A1A6026
:107FB0007047034B034A1A60704700BF100000204F
:107FC000740C002000606A460000FA4500A00C46D0
:107FD00000401C4600E02B4600803B4600204B46FC
:107FE00000C05A4608B511E0FAF796F8174B18602A
:107FF000174BB3F90030092B15DC0133144A1380F9
:1080000011E0FFF7A5FF0120FCF7E1FEFAF784F885
:108010000E4B1B68C01AB0F5967FF2D90D4BB3F921
:108020000030012BE0D00C4BB3F90030012BE8D12C
:10803000FAF772F8054B1860054BB3F90030012BC5
:10804000DFDD013B024A1380DBE700BF780C002034
:10805000100000200E0D0020100D002000286BD015
:108060000346002968D030B50478427844EA0224F7
:10807000C4F30A040C80427890F802E04FEA4E1EE6
:108080004EEAD20ECEF30A0EA1F802E08078DA783A
:10809000920042EA9012187942EA8022C2F30A0260
:1080A0008A801D795879C00140EA5500C0F30A0062
:1080B000C88093F805C0CCF3011C81F80AC093F87E
:1080C00005C04FEA9C1C81F80BC093F806C0DD790F
:1080D0004CEA052CA1F80CC093F808C05D7A4CEA74
:1080E000052CA1F80EC093F80AC0DD7A4CEA052CE5
:1080F000A1F810C01D7B8D745D7BCD7493F80EC00C
:10810000DD7B4CEA052CA1F814C093F810C05B7C11
:108110004CEA03230B81A4F580640C80AEF5806EDD
:10812000A1F802E0A2F580628A80A0F58060C88094
:10813000A3F580630B8130BD7047000008B503498B
:108140002422A1F12400FEF76DFD08BDB4540020E7
:1081500000487047D854002000B583B0314B1B68ED
:108160001A6812F0200F09D0002200921A680092BB
:108170005B680093009B03B05DF804FB2A4A126819
:1081800012F0100FF7D0002201921A6801925B687A
:108190000193019B254B1B681A6812F4002F1DD117
:1081A0001A6822F001021A60204802685368C3F17D
:1081B00024039BB21E490B8024215160116841F4B5
:1081C0000021116001680A6842F001020A60122B66
:1081D000D1D118491848FFF741FFCCE71A6822F0BF
:1081E00001021A6011490A685368C3F124039BB263
:1081F0000F480380242050601048826A22F4002235
:10820000826209680A6842F001020A60122BB2D148
:1082100008490B48FFF722FFF9F77EFF094B18606A
:10822000A9E700BF9C10002000480040340F002048
:108230008C540020D854002090540020006002404C
:10824000B4540020000D002008B51DE0F9F764FFCC
:10825000264B1860264A13680133136021E0254B32
:10826000B3F90030012B33D0234B1A6840F29973D5
:1082700053639363D3631364204A12685363936315
:10828000D3630120FCF7A3FDF9F746FF174B1B68EA
:10829000C01AB0F5967F04D9194BB3F90030012B01
:1082A000D4D0F9F739FF174B1B68C01AB0F5167F09
:1082B000D5D9154BB3F90030B3F5967FCFDDF9F77B
:1082C0002BFF104B18600A4A136801331360C6E78E
:1082D000094B1A684FF4FA7353639363D3631364BF
:1082E000064A126853639363D363CAE76C0C002099
:1082F000640C00202E0D00202C0E0020E40D002028
:108300001E0D0020680C0020320D0020124BB3F926
:108310000020124BB3F90030022B18BF022A03D100
:108320000F4B00221A6070470E4BB3F9003013F563
:10833000967FACBF002301230B4AB2F90020012A2B
:1083400008BF43F001031BB1054B084A1A60704790
:10835000034B00221A6070472E0D0020300D0020C4
:10836000800C0020320D0020080D002000007A450E
:1083700008B5FFF7CBFF0120FCF729FDF9E7000066
:1083800008B5DFED050A9FED050A054A00210548FD
:10839000FFF719FD08BD00BF00007A4500007A46CE
:1083A000E40000207451002010B5F0EE400A094BA3
:1083B000B3F93E3000EE103A074CB8EEC00A204642
:1083C000FFF71AFDD4ED087AFDEEE77A17EE903A42
:1083D00018B210BD504F00207451002008B5044B56
:1083E00093ED000AFFF7E0FF024B188008BD00BFC5
:1083F000800C00207C0C0020074B834200D070478B
:1084000010B5064C2078FEF777FB01222146024882
:10841000FCF78CFC10BD00BFE4100020040C002011
:108420000FB410B502AA52F8041B084B1A60084C8E
:10843000204600F0CBFA82B2064B1A80214606484D
:10844000FCF7B0F9BDE8104004B07047F0550020CB
:10845000F0540020EE5400205410002000B583B0EA
:108460000849094BB3F93E300093B1F92030B1F916
:108470001620B1F90C100548FFF7D2FF0520FCF7D4
:10848000A6FCEDE7084F0020504F0020240501080E
:1084900008B50520FCF79BFC0120FCF798FCF8E7E9
:1084A0002DE9F047089D0E4604460F46002B4AD1A1
:1084B00094468C45B2FA82F260D942B1C2F12003EF
:1084C000974020FA03F30CFA02FC1F4394404FEA52
:1084D0001C4E1FFA8CF6B7FBFEF1230C0EFB117736
:1084E00043EA074301FB06F098420AD91CEB030359
:1084F00001F1FF3780F01581984240F21281023974
:1085000063441B1AA4B2B3FBFEF00EFB103344EA23
:10851000034400FB06F6A6420AD91CEB040400F152
:10852000FF3380F00081A64240F2FD8064440238AF
:1085300040EA0140A41B00211DB1D4400023C5E93D
:108540000043BDE8F0878B4205D90DB1C5E90001B4
:1085500000210846F5E7B3FA83F1002946D1B3427A
:1085600002D3824200F2F580841A66EB03020120F6
:108570001746002DE5D0C5E90047E2E7002A40F0A4
:108580009380A1EB0C034FEA1C471FFA8CFE0121DC
:10859000B3FBF7F607FB1630230C43EA00430EFB50
:1085A00006F0984208D91CEB030306F1FF3802D20B
:1085B000984200F2D08046461B1AA4B2B3FBF7F0F3
:1085C00007FB103344EA03440EFB00FEA64508D91E
:1085D0001CEB040400F1FF3302D2A64500F2B68082
:1085E0001846A4EB0E0440EA0640A5E7C1F12007B7
:1085F0008B4022FA07FC4CEA030C06FA01FE20FA33
:1086000007F426FA07F344EA0E0400FA01F84FEAE9
:108610001C404FEA1449B3FBF0FE1FFA8CF600FB36
:108620001E3349EA03430EFB06F9994502FA01F2AB
:108630000BD91CEB03030EF1FF3A80F085809945BE
:1086400040F28280AEF1020E6344A3EB0909A4B2AA
:10865000B9FBF0F300FB139944EA094403FB06F667
:10866000A64208D91CEB040403F1FF3068D2A642ED
:1086700066D9023B644443EA0E40A41BA0FB02E619
:10868000B4427346B14652D34FD05DB1B8EB03024A
:1086900064EB090404FA07F722FA01F31F43CC4004
:1086A000C5E9007400214CE7C2F1200120FA01F372
:1086B0000CFA02FC26FA01F1964033434FEA1C47BC
:1086C0001FFA8CFEB1FBF7F007FB1016190C41EAFC
:1086D000064100FB0EF68E4204FA02F408D91CEBA8
:1086E000010100F1FF382DD28E422BD902386144AE
:1086F000891B9BB2B1FBF7F607FB161143EA014356
:1087000006FB0EF1994208D91CEB030306F1FF3872
:1087100014D2994212D9023E63445B1A46EA0041E0
:1087200036E73946EDE6184602E7F045ADD2BEEB36
:10873000020366EB0C060138B146A6E74646ECE7B5
:10874000034698E74046D3E7D6467EE764440238BE
:1087500047E708460DE7023E63442DE7024A034916
:10876000034800F0C9B800BFF00000200DB00008B9
:10877000000100200C4B4168994210B5044601D01D
:1087800002F044FCA168094B994202D0204602F055
:108790003DFCE168064B994204D02046BDE81040FC
:1087A00002F034BC10BD00BFF45500205C56002020
:1087B000C45600202DE9F843314A324C3249DFF8E3
:1087C000DC90DFF8DC80314F11600025042329465E
:1087D000082204F15C00C4E903352D4EA560C4E90C
:1087E0000055C4E90555656600F00CF904F1580020
:1087F000C4E90749C4E90987E66200F00DFA294691
:10880000244B6367082204F1C400C4E91A55C4E983
:108810001E552567C4F8CC50C4F8805000F0F2F81B
:1088200004F1680304F1C000C4F88430C4E922985C
:10883000C4E9247600F0F0F9174BC4F8DC3029467F
:1088400004F596700822C4E93455C4E93855C4F8D3
:10885000D850C4F83451C4F8E85000F0D3F804F10B
:10886000D003C4E93D87C4F8F09004F59470C4F8CF
:10887000FC60C4F8EC30BDE8F84300F0CDB900BFAF
:108880002C570020F45500205D870008A1890008BE
:10889000C589000809000100120002003D89000896
:1088A0006189000810B504460A4800F0B9F9636B05
:1088B00023B9094B094A1B68626323B1BDE8104024
:1088C000044800F0AFB9FFF775FFBDE8104001485C
:1088D00000F0A8B93C5700202C57002075870008ED
:1088E000014800F09DB900BF3C570020014800F04E
:1088F00099B900BF3C5700202DE9F8430746884648
:1089000016464FF00009D6E90154013D10D4A38961
:10891000012B08D9B4F90E3001332146384602D074
:10892000C04749EA0009013D6B1C04F16804EED11F
:108930003668002EE7D14846BDE8F88310B50C46EE
:10894000B1F90E1000F00EF9002803DB236D03448B
:10895000236510BDA38923F48053A38110BD00BFFC
:108960002DE9F0410C46B1F90C101F46CB05054628
:1089700016460BD421F48051A1813B46B4F90E1068
:1089800032462846BDE8F04100F002B9B4F90E10B5
:108990000223002200F0D0F8B4F90C10EAE700BF7F
:1089A00010B50C46B1F90E1000F0C6F8B4F90C3051
:1089B000421C0EBF23F4805343F480532065A381EF
:1089C00010BD00BFB1F90E1000F06EB870B59AB0CE
:1089D00013460A4E0A466FF000410291059108497C
:1089E0000391044600253068199569460094049463
:1089F00000F042FD009B1D701AB070BDFC0000200D
:108A00000802FFFF830730B547D0541E002A3ED02E
:108A1000CAB2034601E0013C39D303F8012B9D079C
:108A2000F9D1032C2CD9CDB205EB05250F2C05EB84
:108A3000054535D9A4F1100222F00F0C03F1100EF8
:108A4000E6444FEA121C1A46C2E90055C2E9025533
:108A500010327245F8D10CF1010214F00C0F03EB47
:108A6000021204F00F0C13D0ACF1040323F0030343
:108A70000433134442F8045B9342FBD10CF003042B
:108A80002CB1C9B21C4403F8011BA342FBD130BD79
:108A900064461346002CF4D1F9E703461446C0E7B8
:108AA0001A46A446E0E700BF38B5074D0022044649
:108AB00008462A60F8F746FF431C00D038BD2B68F3
:108AC000002BFBD0236038BD30570020194B1B68AA
:108AD00083422ED0416C70B5054681B100268C5979
:108AE0003CB121462468284600F00AF9002CF8D150
:108AF000696C0436802EF2D1284600F001F9A96B8A
:108B000011B1284600F0FCF82C6C34B121462468E1
:108B1000284600F0F5F8002CF8D1E96C11B1284690
:108B200000F0EEF86B6B1BB12846BDE870401847AB
:108B300070BD7047FC00002038B50C46084D8446D7
:108B4000114620461A4600232B606446F8F704FFBE
:108B5000431C00D038BD2B68002BFBD0236038BDF0
:108B60003057002038B50C46084D84461146204643
:108B70001A4600232B606446F8F7C6FE431C00D05B
:108B800038BD2B68002BFBD0236038BD3057002048
:108B900038B50C46084D8446114620461A46002337
:108BA0002B606446F8F7C0FE431C00D038BD2B682C
:108BB000002BFBD0236038BD30570020014B1868D4
:108BC000704700BFFC00002070B50F4B0F4DAB424B
:108BD000A3EB050607D0B610002455F8043B01347A
:108BE0009847A642F9D807F07FFB094D094B5E1B59
:108BF000AB424FEAA60606D0002455F8043B0134E8
:108C00009847A642F9D870BD900D0108900D010853
:108C1000900D0108980D0108704700BF704700BF14
:108C2000704700BF704700BF024B13B1024800F00D
:108C300005B8704700000000F9B2000800230146A3
:108C40001A46184602F0ACBB2DE9F8430646082048
:108C5000894602F065FBDFF8A4800546304600F047
:108C6000FDFBD8F808305F6827F00307A7F111046F
:108C7000A4EB09042C44B4FBF5F4013C05FB04F41B
:108C8000A54208DC0021304602F024FBD8F8083069
:108C90003B44984205D0304600F0E6FB0020BDE89A
:108CA000F8836142304602F015FB01300FD0114AC3
:108CB000D8F808303F1B47F001075F601368304663
:108CC0001B1B136000F0D0FB0120BDE8F8830021DE
:108CD000304602F0FFFAD8F80820831A0F2BDADDAD
:108CE00043F001035360044B02491B68C01A08603B
:108CF000D1E700BF4457002044020020500200206A
:108D000000297CD02DE9F0410C46804600F0A6FBFE
:108D100054F8043C754FA4F1080523F001016818CC
:108D2000BE684268864222F0030200F08380DE07BC
:108D3000426000EB020C33D454F8084CDCF80430E9
:108D40002D1B2144AC6807F1080C644503F00103B6
:108D500064D0D5F80CE0C4F80CE0CEF80840002B45
:108D600000F0818041F001036B600160B1F5007F8C
:108D700022D27868CB080122490901338A40024394
:108D800057F833107A6007EBC302083AC5E90212BC
:108D900047F83350CD604046BDE8F04100F064BB79
:108DA000DCF80430DB072BD541F00103B1F5007F7F
:108DB00044F8043C0160DCD3B1F5206F4FEA512345
:108DC00053D28B0903F1390003F13802C300F818BC
:108DD000FB580838984203D161E09B68984204D060
:108DE0005A6822F003028A42F7D8D868C5E90230EF
:108DF0008560DD604046BDE8F04100F035BB70475E
:108E0000114407F1080C836863453FD0C268DA60FB
:108E1000936041F001036B606950A7E7002B5FD1BD
:108E20000A44D0E90213CB60996042F001036B6001
:108E3000AA50B0E7DB070A4407D454F8083CED1AFF
:108E40001A44D5E90213CB60996042F001036B60CC
:108E5000274BBD601B6893429DD8264B404619683E
:108E6000FFF7F2FE97E71144CDE7142B08D9542BF6
:108E70001DD80B0B03F16F0003F16E02C300A6E7D0
:108E800003F15C0003F15B02C300A0E741F00103C2
:108E9000C7E90455C5E902CC6B6069507BE7796886
:108EA0009210012404FA02F20A437A609EE7B3F5B5
:108EB000AA7F06D8CB0B03F1780003F17702C30039
:108EC00085E740F25452934206D88B0C03F17D00A3
:108ED00003F17C02C3007AE74FF47E737E2276E7CB
:108EE00041F001036B60016055E700BF50020020B4
:108EF00048020020745700202DE9F04F01F10B05C6
:108F0000162D83B0064623D8102900F2AF8000F05A
:108F1000A5FA102518230220B74F3B44A3F10802FD
:108F20005C68944200F01E816368E268A16823F0E7
:108F30000303CA602344304691605A6842F001023C
:108F40005A6000F091FA0834204603B0BDE8F08F73
:108F500035F0070500F18A80A94200F2878000F011
:108F60007DFAB5F5FC7FC0F06E816B0A00F082805F
:108F7000042B00F21D81AB0903F1390003F1380E17
:108F8000C3009D4F3B44A3F1080C5C68A44507D186
:108F90000DE0002AE16880F2DF808C4507D00C46A6
:108FA000636823F003035A1B0F2AF2DD7046DFF8D3
:108FB00060823C69444500F0BC80636823F0030C88
:108FC000ACEB05030F2B00F34281002BC7E90488AB
:108FD00080F22D81BCF5007FD7F804E080F0C880D6
:108FE0004FEADC0101314FEA5C1C012303FA0CF368
:108FF00057F83120A2604EEA030E07EBC103083B8D
:10900000E360C7F804E047F83140D46083104FF0C4
:10901000010C0CFA03FCF44532D81CEA0E0F08D1FF
:1090200020F003004FEA4C0C1CEA0E0F00F1040084
:10903000F8D007EBC00AD6468146DEF80C300BE0CC
:10904000596821F003014A1B0F2A1C46DB6800F314
:10905000BB80002A80F2DE809E45F1D109F1010932
:1090600019F0030F0EF1080EE7D119E10C2333605C
:10907000002469E74FF4007340204FF03F0E80E773
:10908000BC68636823F00309A94503D3A9EB050372
:109090000F2B51DC594B1B68082003F1100804EB1F
:1090A0000903009302F03CF9554A13680133A844C0
:1090B000834605D008F1FF388044434203EA08089C
:1090C0004146304602F006F9B0F1FF3F4C4A824675
:1090D00000F0D880009B834200F2D280494B186890
:1090E00040440BF1FF311860844640F0FC801AEADE
:1090F000010F40F0F880D7F808A0C84448F00102FA
:10910000CAF80420404B1968814238BF18603F4BB1
:109110001968814238BF1860544622F00308A845F8
:10912000A8EB050301D30F2B06DC304600F09CF9B9
:109130009EE7D7F804E069E7621943F0010345F0C0
:10914000010565603046BA60536000F08DF908345F
:10915000204603B0BDE8F08FA2682344D1603046BA
:109160008A60EAE6DC68A3427FF4DEAE02301EE7E6
:10917000BCF5206F4FEA5C227BD3142A00F21281E7
:1091800002F15C03DB005B32F918FB5808399942A5
:1091900003D1ECE09B68994204D05A6822F00302A4
:1091A0006245F7D8D968C4E902318C60DC602DE7EC
:1091B000142B6AD9542B00F2FE802B0B03F16F00A5
:1091C00003F16E0EC300DCE6D4F808C03046661921
:1091D00045F001056560CCF80C30C3F808C042F0DA
:1091E0000103C7E90466C6E902887360625000F0B3
:1091F0003BF90834A8E600BF500200207457002055
:109200004402002044570020705700206C57002073
:1092100058020020214430464A6842F001024A6068
:1092200054F8082FD3609A6000F01EF98CE6A4442D
:109230003046DCF8043043F00103CCF8043000F091
:1092400013F9083480E6E80805F1080364E66219BA
:1092500043F0010145F0010565603046C7E904228D
:10926000C2E90288516044F80C3000F0FDF808347F
:109270006AE64FEA9C1202F13903DB00383283E7D9
:10928000BC4228D0BC68626847E703F15C0003F188
:109290005B0EC30075E65AF80839534540F0D98093
:1092A00010F0030F00F1FF30F5D17B6823EA0C03C7
:1092B0007B604FEA4C0C9C453FF6E2AEBCF1000FE0
:1092C00004D1DDE64FEA4C0C09F104091CEA030F56
:1092D000F8D04846ADE6604B186808EB000C0BF17F
:1092E000FF31C3F800C0106801306ED0009AAAEBBD
:1092F000020262441A601AF00702CDE9002340D04E
:10930000C2F108029244D04408EA01005A44121AF9
:1093100002EA010B5946304601F0DCFF421C019B7A
:109320006FD0A0EB0A0000EB0B081868C7F808A084
:1093300048F001025844BC42CAF8042018603FF4C7
:10934000E1AEB9F10F0F43D96168A9F10C0222F027
:10935000070201F00101114361604FF0050CA118F3
:109360000F2AC1E901CC54D8DAF80420CAE69210D9
:109370004FF0010C0CFA02F24EEA020EC7F804E0BC
:1093800011E70AEB08020A40ABEB020202EA010B0A
:109390005946304601F09EFF431C019BC1D1DDF8C8
:1093A00000B0C2E7542A17D84FEA1C3202F16F030B
:1093B000DB006E32E8E6B3F5AA7F17D8EB0B03F1BA
:1093C000780003F1770EC300DBE5C2F800A092E756
:1093D0000123CAF80430A8E6B2F5AA7F24D84FEAE0
:1093E000DC3202F17803DB007732CDE640F25452F2
:1093F000934224D8AB0C03F17D0003F17C0EC30033
:10940000BFE5009A083A9044A8EB0A084FF0000B19
:109410008BE7304604F108010093FFF771FC009BD5
:10942000D7F808A018689FE740F254539A420CD826
:109430004FEA9C4202F17D03DB007C32A4E64FF44C
:109440007E737F204FF07E0E9BE54FF47E737E226D
:109450009AE67B682DE700BF445700200148FFF7DC
:10946000DFBB00BF345700200148FFF7DBBB00BF64
:1094700034570020000000002DE9F04FD9B00C4611
:10948000099115460B93834601F020FF036816935C
:109490001846F7F7B5F900211490082228A8FFF71D
:1094A000B1FAA389190603D52369002B00F05E8762
:1094B0009FED7F7B0023CDE92D33CDE917338DED73
:1094C000107B2FAA0E932C92144615931C9319937C
:1094D00006932E46B246784BD3F8E45001F0F0FEE6
:1094E00028AA0346009224A952465846A8470028B5
:1094F00000F0B180C0F2A780249A252A034601D04B
:109500009A44E8E7BAEB0607054640F0A880002336
:1095100019464FF0FF328DF8873007930AF1010AA0
:109520009AF80030059204910AF1010AA3F1200291
:109530005A2A00F2C380DFE812F0F402C100C10031
:10954000ED02C100C100C1006A00C100C1003F02BC
:109550005102C1004A020603C100FF025B005B002A
:109560005B005B005B005B005B005B005B00C100BD
:10957000C100C100C100C100C100C1003B01C10068
:10958000BE01D3023B013B013B01C100C100C10050
:10959000C100CC02C100C1008802C100C100C100ED
:1095A000E801C1005702C100C100B206C100C100FC
:1095B000C100C100C100C100C100C1003B01C10028
:1095C000BE011A023B013B013B01A0021A027F00CF
:1095D000C100C202C100B302D80622037F00C1004D
:1095E000E8017C00AE06C100C100DB06C1007C00C2
:1095F000A3F1300200211AF8013B01EB810102EBDB
:109600004101A3F13002092AF5D907918EE75846A6
:1096100001F05CFE436819931846F7F7F1F81C90C7
:109620000546584601F052FE83681793002D40F01E
:10963000B7859AF8003077E7049B43F02003049342
:109640009AF8003070E70822002128A8FFF7DAF91D
:1096500001239A443FE7BAEB0607054610D02E9B3C
:109660003B442E932D9B0133072BC4E900672D93B8
:1096700015DC0834069B3B440693002D7FF447AF6E
:109680002E9B002B41F09381099B9B8903F04003A3
:10969000002B41F09283069859B0BDE8F08F0999EC
:1096A0002CAA584601F086FC0028EDD12FACE1E74A
:1096B0000000000000000000580600200C93002B62
:1096C000DED000228DF8FC3001238DF88720029334
:1096D0000A920893059212920F920D923FAE049B4C
:1096E00013F0020302D002990231029104992E9DD7
:1096F00011F0840805D1079902980F1A002F00F382
:10970000A1806AB1012262602D9A013201350DF10A
:109710008701072A2E952D92216000F3DB83083400
:109720006BB12D9B22AA013302352260072B4FF02B
:1097300002022E952D93626000F3C1830834B8F1C4
:10974000800F00F0C482059B089A9F1A002F00F337
:10975000FE82049BDA0500F12482089B63601D44AD
:109760002D9B26600133072B2E952D9300F33F830D
:109770000834049B5A0705D5079B029A9E1A002EAF
:1097800000F3B583DDE9063202998A42ACBF9B182B
:109790005B180693002D40F00B8300232D930A9B4A
:1097A0001BB10A995846FFF7ABFA2FAC564691E623
:1097B0000C930B9B073323F00703B3EC027B58ECAD
:1097C000177B0B9328F000431B938DED1A7ADDE98C
:1097D0001A01AF4B4FF0FF328DED107BF7F716FB00
:1097E000002840F00285DDE91A01A94B4FF0FF3255
:1097F000F7F7EEFA002840F0F884002200233846FC
:109800004146F7F7DBFA002841F021809DF88720D8
:10981000049BA04E23F0800304939F4B0C9947298F
:10982000D8BF1E46002303210A9302910891059395
:1098300012930F930D93002A3FF451AF029B013313
:1098400002934CE795492D9A1391102F25DD21465F
:109850002846099C914D1D934FF0100904E0103FDC
:10986000102F01F1080115DD01321030072AC1E97E
:109870000059CDE92D20F2DD2CAA2146584601F0F1
:1098800099FB002840F09C82103F102FDDE92D202D
:109890002FA9E9DC1D9B0C46054601321399216076
:1098A0003D44072ACDE92D25676000F3D4869DF855
:1098B0008720083425E70B9A0C93432B02F104050B
:1098C00003D0049BDA0640F11785082200212AA85C
:1098D000FFF798F80B9B3FAE1A6831462AAB584603
:1098E00003F060F903460133089001F06182089BA0
:1098F00023EAE373029300220B958DF887200A92E6
:10990000059212920F920D92E9E60B9F0C9357F875
:10991000046B00238DF88730002E00F016850C9B19
:10992000532B00F0BF86049B13F010030D9340F0FF
:10993000B986059B002BC1F245800D991A46304629
:10994000F6F7FEFE0A90002801F066820A9B991B3A
:109950000D9B0891059321EAE17112930F930A93ED
:1099600073239DF887200B9702910C9363E70C9368
:10997000049B9B0640F1BD800B9B073323F007033C
:109980001A46596852F8083B0B920A460029C0F261
:10999000CA8305990029C0F28382049921F08005C9
:1099A00053EA020140F07D82059A002A40F07E824F
:1099B0000495089258AE60E10B9B53F8042B079274
:1099C000002A80F2DA83079A0B9352420792049B93
:1099D00043F0040304939AF80030A5E52B238DF897
:1099E00087309AF800309FE50C93049B43F01005F4
:1099F00015F0200200F072830B9B073323F007035E
:109A000019465A6851F8083B0B9101210020059E28
:109A10008DF88700002EC0F2198125F08000049097
:109A200053EA020040F01181002E40F02486002904
:109A300040F0808315F00103089300F0A3833023E6
:109A40008DF85F310DF25F1617E10C93049B43F024
:109A500010030493049B13F0200200F055830B9B2A
:109A6000073323F0070319465A6851F8083B0B9156
:109A7000049921F480650021C8E79AF80030682B2A
:109A800000F04E84049A42F0400204924CE500BF7C
:109A9000FFFFEF7F3805010834050108340901088C
:109AA000049B9D0640F190830B9B069A1B681A60ED
:109AB000D2175A600B9B04330B9356460AE59AF86B
:109AC00000306C2B00F02284049A42F010020492C1
:109AD0002AE5049B43F0080304939AF8003023E539
:109AE0000C93049B43F010030493049B9B063FF5E7
:109AF00043AF04990B9ACF0652F8043B00F14B8315
:109B000004994E0640F143860B9243F3C03211464E
:109B10001BB23BE7049B43F0010304939AF8003027
:109B200002E59DF887209AF80030002A7FF4FCAC0B
:109B300020228DF88720F7E4049B43F080030493F0
:109B40009AF80030F0E4504610F8013B2A2B01F05F
:109B5000E581A3F13002092A98BF002101F2E480D7
:109B600010F8013B01EB810102EB4101A3F130024E
:109B7000092AF5D941EAE17205928246D6E40B9AA8
:109B8000049B43F0020552F8043B0B9247F6300267
:109B9000ADF8882078209B4A1592022100220C9073
:109BA00034E70C9B652B40F33381DDE91001002283
:109BB0000023F7F7F9F8002800F0D2812D9B924A94
:109BC0002260013301350122072B2E952D9362600F
:109BD00000F35C850834239B0E9A934280F2C8827E
:109BE000149B169A1D44C4E900232D9B2E95013326
:109BF000072B2D9300F39E8308340E9B5E1E002ED0
:109C00007FF7B7AD102E2D9BDFF8009240F3E58073
:109C1000DDF82480102704E00834103E102E40F3B5
:109C2000DC8001331035072BC4E90097CDE92D35D1
:109C3000F2DD2CAA4146584601F0BCF9002840F05C
:109C4000BF80DDE92D352FACE7E7049D012900F049
:109C50002881022958AE1FD1159803F00F011B0966
:109C6000415C06F8011D43EA0273120953EA02013E
:109C7000F3D158AB9B1B04950893059908989DF860
:109C8000872081424FF00003B8BF01460A9302913A
:109C900012930F930D93CEE503F00701DB0843EA1F
:109CA0004273D208303153EA0207304606F8011DEC
:109CB000F2D1EF07DDD53029DBD03023023806F8AA
:109CC000013C58AB1B1A049508930646D5E7079B41
:109CD000029A9F1A002F7FF736AD102F2D9BDFF8C9
:109CE0002C9122DD2A464FF010084D46DDF82490D5
:109CF00004E0103F102F04F1080414DD013310328A
:109D0000072BC4E90058CDE92D32F2DD2CAA4946D3
:109D1000584601F04FF9002852D1103F102FDDE9CD
:109D20002D322FACEADCA946154601333D44072B02
:109D3000CDE92D35C4F80090676000F3DB84059B06
:109D4000089A9F1A002F04F108047FF702AD102F24
:109D50002D9BDFF8B8901FDD2A464FF01008099DB3
:109D600004E0103F102F04F1080414DD01332749EB
:109D70001032072BC4E90018CDE92D32F1DD2CAAF1
:109D80002946584601F016F9D0B9103F102FDDE9E9
:109D90002D322FACEADC154601333D44072BCDE9CB
:109DA0002D35C4F80090676000F38C810834D0E44E
:109DB00009992CAA584601F0FDF800283FF4EDACB3
:109DC0000A9B002B3FF460AC0A995846FEF798FFB7
:109DD000099B9B8903F040035AE401333544072B68
:109DE000C4F800906660CDE92D357FF7C1AC0999C4
:109DF0002CAA584601F0DEF80028E1D12E9D2FACA8
:109E0000B7E400BF440501087405010824090108EE
:109E10000E9B2D9F012B05F1010507F1010704F1B0
:109E2000080840F30B810123072FCDE92D7526602B
:109E3000636000F38381149B169A01371D44072F3A
:109E4000C8E90023CDE92D7500F3858108F10808E4
:109E50000E9BDDE910015C1E00220023F6F7A4FF33
:109E6000002840F00481013701362544072FCDE951
:109E70002D75C8F80060C8F8044000F3EB8008F1C5
:109E80000808189BC8F8043001371D44072F26AB7B
:109E9000CDE92D75C8F80030A9DC08F1080468E4A4
:109EA000049D0A2B72F1000180F05E8330338DF83F
:109EB0005F310123049508930DF25F16DDE60999E1
:109EC0002CAA584601F076F800287FF479AF2E9D31
:109ED0002FAC34E4099913932CAA584601F06AF880
:109EE00000287FF46DAF2E9D139B2FAC18E4B44A6D
:109EF0002D9B1392102E1FDDDDF824801027914634
:109F000004E0103E102E04F1080415DD0133103575
:109F1000072BC4E90097CDE92D35F2DD2CAA414687
:109F2000584601F047F800287FF44AAF103E102E43
:109F3000DDE92D352FACE9DC0133139A3544072BCD
:109F4000C4E90026CDE92D357FF71CAC09992CAA70
:109F5000584601F02FF800287FF432AF2E9D11E40F
:109F60002399002940F35183DDE90D329342A8BFC4
:109F70001346002B98460ADD1D44C4E900632D9B5F
:109F80002E950133072B2D9300F3618608340D9F26
:109F9000B8F1000FA8BFA7EB0807002F00F3F58169
:109FA0000D9B33440593049B5F0500F11582239BB1
:109FB0000E9A9342C0F2A082049AD00700F19C82CC
:109FC0000E9AB718D61A059BFF1AB742A8BF374694
:109FD000002F0ADD23602D9B676001333D44072B72
:109FE0002E952D9300F365860834002FA8BFF61B2D
:109FF000002E7FF7BEAB102E2D9BDFF8C8917FF7A8
:10A00000ECAEDDF82480102704E00834103E102E5A
:10A010007FF7E3AE01331035072BC4E90097CDE994
:10A020002D35F2DD2CAA4146584600F0C3FF00282A
:10A030007FF4C6AEDDE92D352FACE7E7049BD907E9
:10A040003FF5F1AE0123072FCDE92D752660636042
:10A050007FF717AF09992CAA584600F0ABFF0028EC
:10A060007FF4AEAEDDE92D750DF1BC0809E70E9B5E
:10A07000012B7FF706AF112BDFF8489140F35C838B
:10A08000CDF814A01026CA46DDF8249005E008F1AA
:10A090000808103C102C40F34C8301371035072F73
:10A0A000C8E900A6CDE92D75F1DD2CAA4946584630
:10A0B00000F080FF00287FF483AEDDE92D750DF1FF
:10A0C000BC08E6E709992CAA584600F073FF00285F
:10A0D0007FF476AE2E9D2FACFFF73BBB0B9915F0AE
:10A0E000100051F8043B0CD115F0400604D00B9140
:10A0F0009BB20246012189E415F400721CBFDBB259
:10A1000032460B91012181E404980B9910F0100064
:10A1100051F8043B3DD1049A12F0400534D09BB273
:10A1200002460B91A4E45B42049D62EB42022D20A7
:10A1300001216CE4059B089358AE9EE509992CAA71
:10A14000584600F037FF00287FF43AAEDDE92D7560
:10A150000DF1BC086FE609992CAA584600F02AFFB9
:10A1600000287FF42DAEDDE92D750DF1BC086FE6FA
:10A17000049BDB077FF5FDAA32E50B939AF80030CC
:10A18000FFF7D2B958AE78E5049A12F4007240F0A5
:10A1900009840B916CE40B92DA171146FFF7F6BBBA
:10A1A000179A9AF80030002A3FF4BEA91278002AC4
:10A1B0003FF4BAA9049A42F480620492FFF7B4B95A
:10A1C0003409010824090108049BD80600F1AB8278
:10A1D000049B590600F1E083049B9A0540F1A38299
:10A1E0000B9B069A1B681A7064E4DDE910010246B5
:10A1F0000B46F6F70BFE002840F01E860C9B612BE9
:10A2000000F03185412B00F04E85059B013300F0B5
:10A2100002840C9B23F02003472B00F0E1850A9079
:10A22000DDE91001049A002942F48079C0F2F98432
:10A230009DED107B8DED1E7B002313930C9B413B0A
:10A24000252B00F22583DFE813F0290423032303E1
:10A250002303EA03B5042303230323032303230374
:10A2600023032303230323032303230323032303BE
:10A2700023032303230323032303230323032303AE
:10A280002303230323032303230329042303230397
:10A290002303EA03B504049D0C93FFF7A9BB0C93B9
:10A2A000AD4B1593049B13F0200200F033810B9B00
:10A2B000073323F0070319465A6851F8083B0B91FE
:10A2C0000498C1070BD553EA020108D00C998DF808
:10A2D000891040F00201049130218DF88810049912
:10A2E00021F480650221FFF791BB0C93FFF7B2BB0D
:10A2F0000C939A4B1593D5E70B9B1B688DF8FC309C
:10A300000123029308933FAEFFF7F5BA049B43F095
:10A31000200304930AF1010A9AF80030FFF704B908
:10A32000049B43F4007304930AF1010A9AF8003085
:10A33000FFF7FAB809992CAA584600F03BFE00280E
:10A340007FF43EAD2E9D2FAC57E4059B0A96062B5D
:10A35000314628BF0623059632460293804E0B975E
:10A36000089312910F910D91FFF765BA402158465D
:10A37000FEF7C2FD099B18601861002800F00386F3
:10A38000099A40235361FFF793B8102F2D9BDFF8F4
:10A39000D49140F30B8249462A46B146099D4FF0BD
:10A3A00010080E4604E00834103F102F40F3FA81E5
:10A3B00001331032072BC4E90068CDE92D32F2DDFC
:10A3C0002CAA2946584600F0F5FD00287FF4F8AC89
:10A3D000DDE92D322FACE7E70E9BCDF830A006EB80
:10A3E00003090F9BDDF85CA0DDF848800D96002B7B
:10A3F00022462946059C099DCDF81490DDF8709001
:10A4000031DDB8F1000F40F33B8108F1FF382D98A2
:10A41000199B013049440728C2E900392E912D903B
:10A4200000F387800832059B9AF800001F1B8742C3
:10A43000A8BF0746002F0CDD2D98013039440728AE
:10A44000C2E900472E912D9000F360819AF8000038
:10A450000832002FACBFC61B0646002E16DC044493
:10A460000F9B002BCDDCB8F1000FCEDCDDE90D63D6
:10A470002046F31898421446024628BF1A46CDF8E3
:10A480005CA00D46DDF830A0059290E5102E2D98C9
:10A49000344B23DD0894102734461E4604E0103C5C
:10A4A000102C02F1080216DD01302E4B1031072866
:10A4B000C2E90037CDE92D01F1DD2CAA2946584625
:10A4C00000F078FD00287FF47BAC103C102CDDE917
:10A4D0002D012FAAE8DC33462646089C1360013084
:10A4E00031440728CDE92D01566000F3A2839AF884
:10A4F000000008320444B3E7149A16991544C4E9DD
:10A5000000122D9A2E950132072A2D9200F3BE8358
:10A51000083455E504980B9910F0100051F8043BED
:10A5200017D1049A12F040050ED09BB202460B914F
:10A53000C6E62CAA2946584600F03CFD00287FF4C8
:10A540003FAC2E992FAA6EE7049A12F4007240F0E5
:10A550001F820B91B4E600BF5805010844050108AD
:10A560006C0501082409010800210894DFF81C93F8
:10A57000179CCDF810A005F4806758AE4FF0050881
:10A5800002958C4605E00A2B72F1000234D3534643
:10A590002A46991841F10001A9FB010525F00300A5
:10A5A00000EB9500091A581A4FF0CC3562F1000EF5
:10A5B00005FB00F5A0FB09A009FB0E550AF0010EF2
:10A5C0000544AEFB080E40184FEA5A0A303006F830
:10A5D000010C4AEAC57A0CF1010C013E6D08002F0E
:10A5E000D1D021788C45CED1BCF1FF0FCBD00A2B36
:10A5F00072F1000280F0E7801794DDF810A0029D50
:10A60000089CCDF838C0FFF734BB2D9B9E4A2260D2
:10A61000013301350122072B2E952D93626000F343
:10A620001B810834002940F09380049B0E9A03F0AC
:10A63000010313433FF49DA8149B169A1D44C4E9DB
:10A6400000232D9B2E950133072B2D9300F3D681EC
:10A6500004F108028DE0099913932CAA584600F0E2
:10A66000A9FC00287FF4ACAB9DF887202E9D139B9E
:10A670002FACFFF746B80129049D7FF4EAAA15E440
:10A680000F9B013B0AF1FF3A0F93C0E609992CAAF0
:10A69000584600F08FFC00287FF492AB2E9D2FAC23
:10A6A000FFF799BA0DF1A808082200214046259627
:10A6B000FEF7A8F9059B002BC0F2928000250297B7
:10A6C00099462F460EE03FA9584602F06BFA431C0C
:10A6D000384400F08F83484509DC05F1040500F09B
:10A6E000BD830746259A52594346002AEBD1089765
:10A6F000029F83E009992CAA584600F05BFC0028D1
:10A700007FF45EAB2E9D2FACFFF71DB82CAA294617
:10A71000584600F04FFC00287FF452AB9AF8000036
:10A720002E992FAA95E60B9B069A1B681A60FFF7D5
:10A73000C1B9D146DDF814A0C8F80090013725440E
:10A74000072FCDE92D75C8F804407FF798AB81E459
:10A75000149B169A1D44C4E900232D9B2E950133AA
:10A76000072B2D9300F34A8104F108020029C0F25F
:10A77000E0820E99166001330D44072BCDE92D358B
:10A7800051603FF734AB02F10804FEF7F2BF0499C1
:10A790000B928D054ABF43F3C012DA175BB2114624
:10A7A000FFF7F4B8154632464E46914601333D4414
:10A7B000072BCDE92D35C4F80090676000F31281B6
:10A7C0000834FFF7EDBB1C9B1999F61A1A46304660
:10A7D00000F042FD637803B101344FF0000CD6E67F
:10A7E00000231946CDF8008025AA584602F000FA49
:10A7F00003460133089000F0FD822596089B002B4C
:10A8000036D0632B00F3E48000230A933FAE082286
:10A8100000214046FEF7F6F8089DCDF800802B4653
:10A8200025AA3146584602F0E3F9854240F0A58357
:10A8300008990B970023735421EAE1719DF8872052
:10A840000593029112930F930D93FEF7F4BF2D22FF
:10A850008DF88720FEF7DCBF09992CAA584600F036
:10A86000A9FB00287FF4ACAA23992E9D2FACD9E632
:10A87000089B9DF887200B970293059312930F93E3
:10A880000D930A93FEF7D7BF74050108CDCCCCCC4D
:10A890002AAB019325AB0093022123AB9DED1E0B48
:10A8A000059A584600F054FE049BD907064600F16D
:10A8B000FC812A9B1B1A0E93239B0D930D9BDA1C84
:10A8C00003DB059A9A4280F28B810C9B023B0C932E
:10A8D0000D9B013B9DF8302023930021002BB8BF36
:10A8E0000D9B8DF89820BABFC3F101032D222B22B6
:10A8F000092B8DF8992040F365820DF1AF05B34F18
:10A900002A461046A7FB0312D20802EB8201A3EBF2
:10A910004101303100F8011C19466329134600F14A
:10A92000FF32EEDC303302F8013C831EAB4280F094
:10A9300021830DF1990213F8011B02F8011FAB42AC
:10A94000F9D158AB181AA0F1AD0318930E9B189AC1
:10A95000012B1A44089240F35882089B149A13441E
:10A960000893049B089A23F4806343F48073049350
:10A9700022EAE2720023129302920F930D93139B2B
:10A98000002B40F01B819DF887200593FEF753BFF5
:10A99000DBB22A460B9193E40B9B069A1B681A8044
:10A9A000FFF788B8DBB22A460B91FFF761B8099C24
:10A9B0002CAA2146584600F0FDFAA38903F0400373
:10A9C000FEF766BE3046F5F71BFF0146FEF7C0BF37
:10A9D000591C5846FEF790FA0646002800F0DB8224
:10A9E0000A9014E709992CAA584600F0E3FA0028C7
:10A9F0007FF4E6A92E9D2FACFFF7D2BA09992CAAB5
:10AA0000584600F0D7FA00287FF4DAA9DDE92D35A1
:10AA100023992FAAAAE606230A90059300E4059B32
:10AA2000022103F101082AAB019325AB00939DEDB0
:10AA30001E0B23AB4246584600F08AFD0C9B23F0C8
:10AA40002007462F064600EB080518BF452705D10D
:10AA50003378302B00F03C81239B1D44DDE91E013F
:10AA600000220023F6F7A0F9002840F059812A9B24
:10AA7000AB4206D230215A1C2A9219702A9B9D4261
:10AA8000F9D8239A0D929B1B472F0E933FF416AFD4
:10AA9000462F00F02B810D9B013B1BE723A89DED6A
:10AAA0001E0B00F04BFC00224FF07F5351EC100BBB
:10AAB000F5F712FF02460B46CDE9022300220023E0
:10AAC000F6F772F908B101232393059B404A0C98CD
:10AAD000CDF820A0591E3F4B0D96612808BF1A469D
:10AAE0003746A0460592DDE902458A46164609E04A
:10AAF000002200230AF1FF39F6F756F9002840F04A
:10AB0000BB81CA46344B002220462946F5F7E4FEB5
:10AB10000D460446F6F790F98146F5F7A3FC024688
:10AB20000B4620462946F5F74FFB16F80930BAF1D7
:10AB3000FF3F3A46044607F8013B0D46D8D1CDE920
:10AB40000245264BDDF820A00D9E4446904600228B
:10AB50004D46F6F751F9002800F0FF81059BCDF82E
:10AB6000A880D97B17F8012C91423B4609D13020AF
:10AB700003F8010C2A9B5A1E2A9213F8012C9142C9
:10AB8000F6D0392A0BBF059A0132927AD2B203F875
:10AB9000012C3B469B1B0C9A0E93239B0D93612A21
:10ABA00003F1FF33239300F0B381412150220C9134
:10ABB000012193E6DDF81480032134E72D220023E0
:10ABC0008DF887200593FEF739BE00BFCDCCCCCCE5
:10ABD0005805010844050108000030400000E03F2E
:10ABE000DDE90D23934200F3C480049B13F0010FB1
:10ABF0000D9B00F00F81149A13440893049B5F058A
:10AC000003D50D9B002B00F34781089B23EAE373D8
:10AC1000029367230C930023CDF8109012930F93A7
:10AC2000ADE601F100431F932D231E901393FFF710
:10AC300005BB2CAA2946584600F0BCF900287FF431
:10AC4000BFA89AF800002E992FAA044408E4099995
:10AC50002CAA584600F0AEF900287FF4B1A82E9D2A
:10AC60002FACFFF794B978238DF88930049B43F01B
:10AC70000203049330238DF88830059B632B00F387
:10AC80008E8000230A933FAEFFF7CABA09992CAA17
:10AC9000584600F08FF900287FF492A8239B2E9D40
:10ACA0002FACFFF78DB95823DEE7059B4727C51862
:10ACB000D4E609992CAA584600F07CF900287FF4C4
:10ACC0007FA8239E0E9B2E9D9E1B2FACFFF78DB958
:10ACD000DDE91E0100220023F6F766F8002800F0E7
:10ACE0001981239B0D931D44AB1B0E93049B0D995F
:10ACF000059A03F00103002943EA020340F31A8195
:10AD0000002B40F0F2800D9B089366230C93049B6C
:10AD10005B0500F1C380089B23EAE37302937AE7A3
:10AD2000239A0D922B46AEE6002282460592FEF74C
:10AD3000FDBB4F421031DFF87892B8BF102404DB1E
:10AD400021E00832103F102F1DDD01331035072B95
:10AD5000C2E90094CDE92D35F3DD09992CAA5846B6
:10AD600000F028F900287FF42BA8DDE92D352FAA63
:10AD7000E8E70E9B149A9A180D9B0892002B71DD40
:10AD800067230C93C3E701333D44072BCDE92D35F1
:10AD9000C2F80090576000F3AF800832E9E4591C14
:10ADA0005846FEF7A9F8064610B10A90FFF738BAE0
:10ADB000099A938943F0400393814FF0FF33069340
:10ADC000FEF769BC002934D130228DF89A200DF1AC
:10ADD0009B02303302F8013B26ABD31A1893B5E53A
:10ADE000059B002B7FF41BAA059B0A930123059367
:10ADF000FFF716BA099BB3F90C3000220A9243F010
:10AE00004003099A9381FEF7DBBF049BDB077FF5C4
:10AE1000A8ADA2E50893F1E6059B0293089373237E
:10AE20009DF887200B97059012900F900C93FEF7DA
:10AE300002BD0DF19A02CCE7119B5A4E002B049BE8
:10AE4000A8BF9DF8872023F08003B8BF2D2204936C
:10AE5000B8BF8DF88720544BFEF7E0BC059B029FDE
:10AE60000893CBE4C3F101031A4422EAE27302938C
:10AE7000672308920C93CEE651460029DDF820A006
:10AE80000D9E4446FFF685AE4B1C3B44302207F82E
:10AE9000012B9F42FBD17DE667230C9317990B781A
:10AEA000FF2B74D000250D9A284603E001300131B4
:10AEB000FF2B08D0934206DAD21A4B78002BF5D13B
:10AEC0000B780135F4E717910D920F901295129AB5
:10AED0000F9B1C99CDF810901344089A01FB032393
:10AEE000089323EAE373029349E5149B1A44531829
:10AEF000089366230C930AE709992CAA584600F098
:10AF000059F800287EF45CAFDDE92D352FAA30E436
:10AF100070224DE6C8F1010323939EE50B9A9AF83F
:10AF2000013052F8041B0B9241EAE171824605910F
:10AF3000FEF7FABA2BB90123662202930C9208930A
:10AF400069E6149B03F10108059B4344089323EA37
:10AF5000E373029366230C935DE6DDE90201134B74
:10AF60000022F5F721FF00283FF413AEE8077FF534
:10AF700010AEF3E502231893E8E4099BB3F90C3013
:10AF800043F040033DE70C23CBF8003015E70023E6
:10AF900012930F939BE7099B0A90B3F90C3043F08F
:10AFA00040032EE7400501083C0501080000E03F92
:10AFB000240901082DE9F843154692682C68FAB176
:10AFC00080468946083401E00834CFB16B68591EC9
:10AFD000002B1746696013DD54F8046C002EF3D083
:10AFE000334654F8082C4946404601F00DFE431CF8
:10AFF00007D0AA68921B1746AA600834002FE5D133
:10B0000000200023C5E90133BDE8F88370B50029AD
:10B010003FD006460C4610B1436B002B3CD0636E0C
:10B02000B4F90C20DD0732D4900538D521463046DE
:10B0300000F04CF8E36A054633B1E16930469847C1
:10B040000028B8BF4FF0FF35A3891A0639D4216B09
:10B0500041B104F14003994202D03046FDF750FE61
:10B0600000232363616C21B13046FDF749FE0023C4
:10B070006364FDF735FC636E0022DB07A2811CD5FB
:10B08000A06DFDF7CBFDFDF731FC284670BD002A11
:10B09000CCD10025284670BDFDF704FCBFE7A06DAC
:10B0A000FDF7BEFDB4F90C30002BBFD1636ED9079C
:10B0B000EFD4A06DFDF7B6FDEBE7A06DFDF7B2FD97
:10B0C000DEE721693046FDF71BFEC0E7B1F90C2031
:10B0D0002DE9F04116070C4680464ED4496842F4EB
:10B0E00000630029A38163DDA56A002D42D0002101
:10B0F00012F48052D8F80060C8F80010E16964D1F9
:10B1000001234046A847451C02466ED0B4F90C30D6
:10B11000A56AE169580705D56368D21A236B0BB19C
:10B12000E36BD21A00234046A847431C4FD1D8F8FE
:10B130000010B4F90C301D2940D8314ACA40D70755
:10B140003CD52269226023F40062A281DD044FF025
:10B150000002626001D5002945D0216BC8F800606B
:10B1600041B104F14003994202D04046FDF7C8FDC9
:10B17000002323630020BDE8F0810E69002EF9D082
:10B180000D680E6092070CBF4B690023AD1B8B60EE
:10B190000BE02B463246E169676A4046B847B0F19A
:10B1A000000CA5EB0C05664406DD002DF1DCE1E7A3
:10B1B000E16B002998DCDDE7B4F90C3043F0400383
:10B1C000A3814FF0FF30BDE8F081226DA2E7B4F912
:10B1D0000C302269226023F40062A281DB044FF06C
:10B1E00000026260B9D52065B7E7D8F80030002BBF
:10B1F0008CD01D2B01D0162BDED1C8F80060B9E72A
:10B200000100402038B50C46054608B1436B03B336
:10B21000B4F90C0088B1636EDB0701D481050FD54A
:10B2200028462146FFF752FF636EDA07054602D42F
:10B23000A3899B0508D5284638BD0546284638BD54
:10B24000A06DFDF7EDFCEBE7A06DFDF7EBFC2846EC
:10B2500038BDFDF727FBDBE740EA01039B0710B58C
:10B2600001D1032A17D8844601F1FF3E07E01EF8FA
:10B27000011F03F8011B541E29B19C462246634658
:10B28000002AF4D110BD9444002CFBD003F8011B1C
:10B290006345FBD110BD8E468446DEF80040A4F124
:10B2A000013323EA040313F0803F71460EF1040ECC
:10B2B000DAD1043A032A4CF8044BEED87146D3E7AE
:10B2C000014B93F82801704758060020004870474A
:10B2D0004807002038B5074D0022044608462A607A
:10B2E000F6F73CFB431C00D038BD2B68002BFBD08D
:10B2F000236038BD3057002038B5074D074C2C1B54
:10B30000A41005D0013C55F8043D9847002CF9D114
:10B31000BDE8384004F0EEBF9C0D0108980D01080F
:10B32000082802D14FF48050704708B5FDF746FC5D
:10B33000162303604FF0FF3008BD00BF70B555EC19
:10B34000104B0646134825F000430021834231602C
:10B350001DD8204618431AD00F4828402A4658B90D
:10B360000E4B002220462946F5F7B6FA0A4621F090
:10B37000004304466FF035011B156FF31E52A3F214
:10B38000FE3342F07F550B4445F40015336045EC25
:10B39000104B70BDFFFFEF7F0000F07F00005043B7
:10B3A0002DE9F8431B4D0646286898460F469146FE
:10B3B000FDF736FC184B1C681CB3286865681F2D08
:10B3C00022DC4EB96B1C0235636044F82570FDF732
:10B3D00029FC0020BDE8F88304EB85010123C1F8B6
:10B3E0008890D4F88821AB401A43022EC4F88821F3
:10B3F000C1F80881E6D1D4F88C211A43C4F88C2115
:10B40000E0E7064C1C60D8E7FDF70CFC4FF0FF307E
:10B41000E0E700BF4002002040570020785700209E
:10B420002DE9F04F03690C69A34283B0C0F28A8012
:10B43000013C01F1140500F1140855F8243058F8C6
:10B44000242001339A428E4681464FEA840105EB5F
:10B45000840708EB840AB2FBF3F63AD3CDE9001572
:10B460000022AC46404613465CF8041B05681FFAF0
:10B4700081FB06FB0B22090C4FEA124B06FB01BBBA
:10B4800092B2A9B2891A19441FFA8BF3C3EB214374
:10B4900003EB154389B241EA0341674540F8041BB9
:10B4A0004FEA1B424FEA2343DED2DDE9001558F88C
:10B4B000013073B9AAF1040AD04504D307E0D0459E
:10B4C00004F1FF3403D25AF80439002BF7D0C9F83D
:10B4D00010407146484601F019FA00282EDB41461B
:10B4E000002255F8040BD1F800C01FFA80FE1FFAA5
:10B4F0008CF3A3EB0E031344020CC2EB234202EBCA
:10B500001C429BB243EA0243AF4241F8043B4FEA7C
:10B510002242E6D258F8242008EB84036AB9043B9F
:10B52000434504D807E0984504F1FF3403D253F8AB
:10B530000429002AF7D0C9F810400136304603B07C
:10B54000BDE8F08F002003B0BDE8F08F00000000E0
:10B550002DE9F04F9DB0CDE90A320291816B269D15
:10B5600004908DED060B57EC106B49B1C26B4A602D
:10B570000123934004468B6000F066FF0023A36321
:10B58000B7F10009B4BF012300232B60764BBCBF89
:10B5900029F00049CDF81C9033EA090300F0AA8095
:10B5A0009DED067B002251EC170B00238DED007BF7
:10B5B000F5F7FAFB804668B10A9A01231360279BCE
:10B5C00013B1279A694B1360694B059305981DB019
:10B5D000BDE8F08F9DED000B04981AAA1BA901F09D
:10B5E00073FA5FEA1955824640F09A80DDE91A85C0
:10B5F000454405F23243202B40F38A83C3F14003D4
:10B6000009FA03F905F2124326FA03F349EA0300A3
:10B61000F4F718FF0123013DA1F1F8711293554B86
:10B620000022F4F7D1FD4AA3D3E90023F5F754F93A
:10B6300049A3D3E90023F4F7C9FD064628460F467F
:10B64000F4F710FF46A3D3E90023F5F745F90246C6
:10B650000B4630463946F4F7B9FD06460F46F5F776
:10B66000EBFB002204460990002330463946F5F7EB
:10B67000A5FB002840F02283099CA8EB050808F1EF
:10B68000FF33162C089300F28A813B4B03EBC40373
:10B69000D3E90023DDE90001F5F790FB002871D024
:10B6A000631E099300231193089B002BC0F27D8138
:10B6B00000230C93099B002B6ADA099B0C9A0D93CB
:10B6C000D21A0C925A4200230993029B1092092B22
:10B6D00068D8052B40F32183043B02930025029B8D
:10B6E000023B032B00F23686DFE813F06E046B0496
:10B6F000630447040A9AC9F3130942F20F7359EA23
:10B70000060913601CD1279B002B00F043861B4BBE
:10B7100005930833279A059813601DB0BDE8F08F94
:10B72000DDE90012C2F31303084643F07F51CDF860
:10B730004880A5F2FF35DDF8688041F440116EE7DE
:10B74000279B002B40F0F4830D4B05933EE700BF91
:10B7500061436F63A787D23FB3C8608B288AC63F17
:10B76000FB799F501344D33F0000F07F750501081B
:10B77000740501080000F83F78090108C0050108B8
:10B78000CC050108B8F1000F40F3A38411900C9090
:10B79000DDE908321344089300231093029B0D92B5
:10B7A000092B96D90023012502930E954FF0FF3BFC
:10B7B0000B93049BCDF84CB00021D963049800F0A2
:10B7C0001DFE0590002800F0CE85DDE90432BBF1B6
:10B7D0000E0F9A6300F21881002D00F015810D996B
:10B7E000002940F34684B34B01F00F0203EBC20380
:10B7F000C805D3E900894FEA211540F10884AE4B12
:10B80000DDE90001D3E90823F5F790F9CDE914014A
:10B8100005F00F0503277DB1A74EE90708D540467F
:10B820004946D6E90023F5F757F80137804689469F
:10B830006D1006F10806F0D142464B46DDE91401D1
:10B84000F5F774F980468946119B43B19B4B002262
:10B8500040464946F5F7B2FA002840F00B853846D5
:10B86000F4F700FE42464B46F5F736F8944B0022BB
:10B87000F4F7ACFCA1F15073CDE914011593BBF1C1
:10B88000000F00F0A8800D9BCDE918B34946404653
:10B89000F5F7D2FA189A874B03EBC20313ED027B3C
:10B8A00005468DED167BF4F7DDFD0B460246494655
:10B8B0004046F4F789FC059F0E9B30357E1CECB2A8
:10B8C000804689463546002B00F06C84DDE916235E
:10B8D0007C490020F5F72AF9DDE91423F4F774FC1C
:10B8E0003C7042464B4604460D46F5F785FA002863
:10B8F00040F0B884CDF850A0CDF858B00027AB4642
:10B90000A246189D2AE00137AF4280F2FD846E4BBB
:10B91000504659460022F4F7DFFF6B4B0022824667
:10B920008B4640464946F4F7D7FF89468046F5F7EF
:10B9300083FA0446F4F796FD02460B464046494614
:10B94000F4F742FC303406F8014B52465B46804621
:10B950008946F5F733FA002840F0D38442464B4637
:10B9600056490020F4F730FC52465B46F5F726FABC
:10B970000028C8D0199BDDF850A0059A374603F17E
:10B98000010802E0974200F09B843E4617F8013D13
:10B99000392BF7D00133DBB23B7045467DE1012303
:10B9A0001193089B002BBFF683AEC8F101030C93E3
:10B9B000002308937EE63846F4F754FD42464B4692
:10B9C000F4F78AFF3E4B0022F4F700FCA1F150731C
:10B9D000CDE9140115933D4B002240464946F4F74A
:10B9E000F3FBDDE9144522462B4606460F46F5F7E4
:10B9F00003FA002840F0738430463946224605F1A8
:10BA00000043F5F7DBF928BB1B9B002BC0F29080AD
:10BA10000D9A0E2A00F38C80264B0D9A03EBC2037D
:10BA200093ED007B0B9B002B8DED027B19DABBF1B4
:10BA3000000F16DC0ED1254B0022DDE90201F4F7E0
:10BA40004BFF02460B46DDE90001F5F7C1F900287E
:10BA500000F045840023059E00931F460B9BDD43A9
:10BA60002DE2059B5D1CDDE90278DDE900013A4627
:10BA70004346F5F75BF8F5F7DFF90646F4F7F2FC15
:10BA80003A464346F4F728FF02460B46DDE900013B
:10BA9000F4F79AFB059A06F13003BBF1010F2F462C
:10BAA000137000F021830125CDF800A0A846DDE940
:10BAB000029A2BE078090108500901080000F03FC4
:10BAC00000001C400000E03F000024400000144043
:10BAD0004A46534620462946F5F728F8F5F7ACF9CB
:10BAE0000646F4F7BFFC4A465346F4F7F5FE08F164
:10BAF00001080B46024629462046F4F765FB06F18D
:10BB00003003D84507F8013B00F0EC82844B00225B
:10BB1000F4F7E2FE0022002304460D46F5F744F94F
:10BB20000028D5D00D9DDDF800A001353E46B4E0DB
:10BB30000E9A002A40F0D8800023109E0C9D0E9390
:10BB40001F4665B1089A002A09DD0C99AA421346DE
:10BB5000A8BF2B46C91AED1AD31A0C910893109B53
:10BB600053B10E9B13B1002E40F0F7825146109A4C
:10BB7000049800F0F9FD82460498012100F010FDC0
:10BB8000099B0090002B40F0BE81029B012B40F3EB
:10BB9000D4810120089A104410F01F0000F09B800F
:10BBA000C0F12003042B40F3E3810C9BC0F11C0087
:10BBB000034402440C93054408920C9B002B05DDC2
:10BBC000514604981A4600F029FE8246089B002B35
:10BBD00005DD009904981A4600F020FE0090119BA4
:10BBE000002B40F07581BBF1000F40F34C810E9BA0
:10BBF000002B40F0A4800D9D0135DDF81480009CE1
:10BC0000DDF81090012607E0514600230A2248463D
:10BC100000F024FC0136824621465046FFF700FC26
:10BC2000B34500F1300008F8010BEDDCBBF1000F6B
:10BC3000059BCCBF5E460126814603EB060B002424
:10BC400051460122049800F0E9FD0099824600F077
:10BC50005DFE002840F3EE81059A02E0934500F076
:10BC600003825E460BF1FF3B16F8013C392BF5D001
:10BC700001338BF80030DDF810800099404600F069
:10BC8000E3FB57B12CB1BC4203D02146404600F043
:10BC9000DBFB0498394600F0D7FB0498514600F0CE
:10BCA000D3FB002333700A9B1D60279B002B3FF4BE
:10BCB0008DAC05981E601DB0BDE8F08F2046F4F7EE
:10BCC000D1FB32463B46F5F76FF800287FF4D4AC41
:10BCD000631E0993D0E41C230C9A1A440C92089A10
:10BCE0001A441D44089268E7029A012A40F3AD8184
:10BCF000109B0BF1FF36B342C0F26981BBF1000F1C
:10BD0000A3EB060680F2EF820C9BA3EB0B056CE124
:10BD1000C3F1200306FA03F07AE40125DFE400BF53
:10BD2000000024403946002304980A2200F096FBC4
:10BD3000139B002B074640F3FF820D969B46002D78
:10BD400005DD394604982A4600F068FD0746099B40
:10BD5000002B40F0E681B846059E731E03EB0B04F2
:10BD6000069B03F00103CDE90B43049C0099504668
:10BD7000FFF756FB39468346504600F0C7FD009951
:10BD800005464246204600F0E3FDC3680BF130094A
:10BD90000146ABBB0990504600F0B8FD09990890E8
:10BDA000204600F051FB089A002A54D1029B1BB98F
:10BDB0000C9B002B00F0AE82002D3FDB0B9BB346AB
:10BDC0009E420BF8019B00F0C381514600230A22DA
:10BDD000204600F043FB4745824639464FF00003BA
:10BDE0004FF00A02204630D000F038FB41460746AB
:10BDF00000230A22204600F031FB5E468046B5E76C
:10BE0000049800F021FB002D06DB069B03F00102E5
:10BE1000029B1D432A4329D151460122049800F078
:10BE2000FDFC0099824600F071FD002840F3F68089
:10BE3000B9F1390F00F049820BF131090D9D06F877
:10BE4000019B3C460135474615E700F007FB5E467F
:10BE5000074680468AE7002DC0F29382029B1D436D
:10BE60000C9B1D4300F08D82002AA7DDB9F1390F2C
:10BE700000F02B820D9D09F101033C4606F8013BC1
:10BE800001354746F7E6029B022B7FF7B0AEBBF1C8
:10BE9000000F40F02581009904985B46052200F0D0
:10BEA000DDFA01460090504600F030FD002840F3D6
:10BEB0001781059E0D9D312306F8013B0135009940
:10BEC000049800F0C1FA0135002F7FF4E2AEE4E6F9
:10BED0000099504600F01AFD0028BFF684AE514686
:10BEE000002304980D9C0A2200F0B8FA0E9B661EEF
:10BEF0008246002B7FF416AF139B002B40F3118278
:10BF00000D9D9B4679E601461A46049800F02CFCEC
:10BF1000029B0090012B6EDD00230993009A1369A8
:10BF200002EB8303186900F0E9FAC0F1200031E662
:10BF3000984B05930333FFF7EDBB069B002B7FF473
:10BF400028AEDDE90612C2F31303002B7FF421AE05
:10BF5000914B134033B10C9B01330C93089B01337D
:10BF600008930123099A0993002A3FF412AED5E7FA
:10BF70003FF423AEC0F13C03AEE601230E930B9BCE
:10BF80000D9A134403F1010B5E46012E1393B8BFC3
:10BF90000126172E40F3F981012204235B0003F1EF
:10BFA0001400B042114602F10102F7D9049BD96393
:10BFB00004E401230E930B9E002E36DD1396B34648
:10BFC000E7E700230E93DAE700230E93F3E7109BD5
:10BFD000099A1096F31A1A44089B09925B44089335
:10BFE0000C9B1D465B440C9300260498012100F035
:10BFF000D7FA0746A5E5069B002B8DD1DDE90601A2
:10C00000C1F313030A46002BA2D0099086E79DEDE9
:10C01000007B02278DED147BFFF7FDBB7FF40EAF95
:10C0200019F0010F7FF404AF08E701230B939B463F
:10C03000FFF7BFBB03D119F0010F7FF40DAE5E46D1
:10C040001BF8013D302BFAD015E6129A002A00F0B9
:10C050009C8003F23343089A109E1A4408920C9A6B
:10C0600015461A440C92C0E7059A31230135137026
:10C0700001E600F0FA800D9A484B554205F00F0298
:10C0800003EBC203D3E90023DDE90001F4F724FC4C
:10C090002D11CDE9140100F05881414E00230227F3
:10C0A00080468946EA0709D5D6E900234046494635
:10C0B000F4F712FC01378046894601236D1006F122
:10C0C0000806EFD1002B7FF4BFABDDE91489FFF741
:10C0D000BBBBC8F1010308900C931190FFF758BB4C
:10C0E000059EBBE4DDF800A002460B46F4F76EF8AF
:10C0F0000D9DCDE90001013502460B46DDE9020147
:10C10000A846F4F75BFE40B9DDE90023DDE9020152
:10C11000F4F74AFE18B1F30701D5059A35E43E4617
:10C12000BBE57968049800F069F90546002800F03D
:10C1300021813B6902339A0007F10C010C30F4F7BE
:10C1400065FA04982946012200F068FB804603E660
:10C150000D9D3C460135474672E5049C3946324602
:10C16000204600F001FB524601460746204600F0FB
:10C1700045FA51468046204600F066F9109B9B1B0D
:10C18000C24610933FF4F8ACF0E41A9BC3F13603B7
:10C1900061E700BFCC0501080000F07F78090108C5
:10C1A00050090108DDE91623DDE91401F4F794FBD9
:10C1B000059B1C70189B012BCDE90E0100F0C3807C
:10C1C000189F059B12961F447A4B00224046494611
:10C1D000F4F782FB0D460446F4F72EFE8146F4F791
:10C1E00041F909F1300902460B4620462946F3F78A
:10C1F000EBFF06F8019BBE4280468946E4D1129DC2
:10C200006D4B0022DDE90E01F3F7E0FF02460B461D
:10C2100040464946F4F7F0FD00286CD1DDE90E23D5
:10C2200065490020F3F7D0FF02460B4640464946D9
:10C23000F4F7C4FD80B91B9B002BFFF67DAC0D9B72
:10C240000E2B3FF779AC5D4B0D9A03EBC20393EDD8
:10C25000007B8DED027B06E43E46013F16F8013C73
:10C26000302BF9D0199D013517E5DDE9008902274A
:10C27000FFF7EABABBF1000F3FF49DAB139C002C13
:10C280007FF7C2AB0D9B013B002240464946199304
:10C29000484BF4F721FB80468946781CF4F7E2F816
:10C2A00042464B46F4F718FB454B0022F3F78EFF4E
:10C2B000A1F15073CDE9140118941593FFF7E6BA74
:10C2C00008F101083123FFF767BB0D9D059AB346BE
:10C2D00039233C460BF8013B01354746C1E40023B6
:10C2E00000931F46E5E5089B5B4408930C9B1D46A5
:10C2F0005B440C9379E6199B059A03F10108FFF75B
:10C3000044BBDDF850A0ADE7DDF850A0DDF858B033
:10C31000FFF77ABBB9F1390FD7D0002D3FF78CADBD
:10C320008CE5029B022B03DC0D9DDDF84CB064E430
:10C33000DDF84CB00D96AAE5029B022BF8DCDDF887
:10C340004CB00D96FBE437465AE7DDE91489022725
:10C35000FFF77ABA049B0025DD632946184600F0F2
:10C360004DF80590D0B9174B1748002240F2AF1195
:10C3700000F02AFD134B14482A4640F2EF2100F04A
:10C3800023FD002A3FF748AD58E5049B0021D963FF
:10C39000FFF714BA0D4B0593FFF718B9DDE9043226
:10C3A0009A634FF0FF3301220B9513930E929B4635
:10C3B000FFF72ABB000024400000E03F7809010895
:10C3C00000001C40D0050108E4050108C005010873
:10C3D00082B049B15AB16BB113780B601278101E5C
:10C3E00018BF012002B0704701A9002AF3D11046FE
:10C3F00002B070476FF00100F4E700BF436C70B506
:10C4000005460C464BB153F8240080B1026843F84E
:10C4100024200023C0E9033370BD2122042100F051
:10C42000F3FC034668640028EDD1002070BD0121B3
:10C4300001FA04F6721D9200284600F0E5FC00287F
:10C44000F3D0C0E90146E4E731B1436C4A6853F8E0
:10C450002200086043F82210704700BF2DE9F04128
:10C460000D6907460E461C4601F1140E0020DEF849
:10C4700000108BB202FB03434FEA134C090C02FB82
:10C4800001CC01309BB203EB0C4385424EF8043BD8
:10C490004FEA1C44EBDC3CB1B368AB4207DD06EB72
:10C4A000850301355C6135613046BDE8F081716816
:10C4B00038460131FFF7A2FF8046A8B13269023247
:10C4C00006F10C0192000C30F4F7A0F87B6C726856
:10C4D00053F82210316043F82260464606EB85038C
:10C4E00001355C613561DFE7024B03484246BA2102
:10C4F00000F06AFCD005010840060108B0F5803F55
:10C50000034636BF030400201020B3F1807F3CBFF8
:10C510001B020830B3F1805F3CBF1B010430B3F154
:10C52000804F03D3002B06DB013070479B0003D400
:10C530005B0003D4202070470230704703307047FF
:10C54000036813F00702014607D0DA071FD49807E3
:10C5500021D55B080B600120704798B2A0B110464E
:10C56000DAB20AB908301B0A1A0704BF1B090430E3
:10C570009A0704BF9B080230DA0703D45B0800F176
:10C58000010006D00B6070471B0C1020E8E700206C
:10C590007047202070479B080B600220704700BF47
:10C5A00038B5436C04460D464BB15868B0B10268CB
:10C5B0005A6000220123C0E90323456138BD2122CE
:10C5C000042100F021FC034660640028EDD1094BF2
:10C5D0000948002240F2451100F0F6FB1C2201211F
:10C5E000204600F011FC0028F1D001220223C0E90E
:10C5F0000123DEE7D0050108400601082DE9F04FD0
:10C60000D1F810801569A84585B00E46924605DB25
:10C610002A46534645468A4690461E46DAF8083072
:10C62000DAF8041005EB0804A342B8BF0131FFF7A4
:10C63000E5FE8446002800F08B8000F1140707EB2C
:10C64000840E774505D23B46002243F8042B9E45D5
:10C65000FBD8143606EB88080AF11409464509EBA5
:10C66000850566D2A5EB0A03153B23F003030AF107
:10C67000150A043355452CBF9B464FF0040BCDF8EB
:10C6800008E00394AE46E24605E0090C2AD1B04525
:10C6900007F104074AD956F8041B8DB2002DF4D0D7
:10C6A000CC463C46002301965CF8040B216886B218
:10C6B0008AB2000C05FB0622090C1A4405FB001186
:10C6C00001EB124192B242EA0142E64544F8042BE2
:10C6D0004FEA1143E8D8019E47F80B3056F8041C86
:10C6E000090CD4D03B68002248461D463C4694467F
:10C6F000028801FB02C202EB15429BB243EA0243ED
:10C7000044F8043B50F8043B25684FEA134CABB2A5
:10C7100001FB0C3303EB124370454FEA134CE7D394
:10C72000B04547F80B3007F10407B4D8DDE902E45F
:10C73000D446002C02DC05E0013C03D05EF8043D49
:10C74000002BF9D06046CCF8104005B0BDE8F08F62
:10C75000034B044862464FF4B17100F035FB00BF53
:10C76000D00501084006010812F003032DE9F0414D
:10C77000144607462CD10D46A4101CD03E6C86B33F
:10C78000E3074FF0000806D4641014D03068A8B155
:10C790000646E307F8D5324629463846FFF72EFF0E
:10C7A00035B17B6C696853F821202A6043F8215029
:10C7B00064100546EAD12846BDE8F081324631468C
:10C7C0003846FFF71BFF3060C0F800800646E0E700
:10C7D000013B0F4A52F823200023FFF73FFE054696
:10C7E000CAE701213846FFF709FE064640B101239A
:10C7F00040F27122C0E90432002338640360BFE7CD
:10C80000044B0548324640F2451100F0DDFA00BF06
:10C8100044090108D0050108400601082DE9F04748
:10C820000C4690462769A368496807EB62177D1C90
:10C830009D4206464FEA621904DD5B009D4201F10C
:10C840000101FADC3046FFF7D9FD8446002851D0BB
:10C85000B9F1000F00F114000EDD09F105024FEAF5
:10C86000820E03460CEB8202002143F8041B934224
:10C87000FBD1AEF114031844216904F1140318F03C
:10C880001F0803EB81012DD0C8F1200986464FF027
:10C89000000A1A6802FA08F242EA0A024EF8042B69
:10C8A00053F8042B994222FA09FAF2D80B1B153BD4
:10C8B00023F00303043304F11502914238BF04232B
:10C8C00040F803A0BAF1000F00D13D46736C6268D6
:10C8D000CCF8105053F822102160604643F82240F3
:10C8E000BDE8F087043853F8042B40F8042F994230
:10C8F000F9D8EAE7034B044862464FF4EF7100F0C1
:10C9000063FA00BFD0050108400601080B698446A0
:10C910000069C01A16D10CF1140C14310CEB83020F
:10C9200010B401EB830301E0944508D252F8044DA2
:10C9300053F8041D8C42F7D005D24FF0FF305DF85C
:10C94000044B7047704701205DF8044B704700BFEF
:10C950002DE9F04F15460A692B69D21A002A83B0D7
:10C96000884640F0878001F1140605F1140101EBBF
:10C97000830106EB830301E09E427ED253F8044D0F
:10C9800051F8042D9442F7D075D32B460024454628
:10C9900098466968FFF732FD8146002800F08980DB
:10C9A0002E69C460D8F8100005F1140B08F1140EBC
:10C9B00009F1140A05F110020EEB80000BEB860161
:10C9C00057464FF0000CCDF804B05EF8044B52F817
:10C9D000045F1FFA84FBABB2A3EB0B03240C63448C
:10C9E000C4EB154404EB23449BB243EA0443704573
:10C9F00047F8043B4FEA244CE7D8A0EB080208F1C3
:10CA000015084045A2F1150234BF0020012092080C
:10CA10000028DDF804B002F101044FEA840408BFE5
:10CA200004240BEB0405A942544433D92746284675
:10CA300050F8043B1CFA83FE1A0C634402EB2E42AE
:10CA40009BB243EA0243814247F8043B4FEA224C3F
:10CA5000EED80139491B21F003010C4423B954F8E5
:10CA6000043D013E002BFAD04846C9F8106003B0DF
:10CA7000BDE8F08F89DA01248BE70021FFF7BEFCC7
:10CA8000814678B101220023C0E90423484603B05F
:10CA9000BDE8F08F00284FEA820208BF00220AEBAF
:10CAA0000204DBE7064B07484A4640F2372100F014
:10CAB0008BF9034B03484A4640F2452100F084F9C4
:10CAC000D0050108400601082DE9F0430E4683B069
:10CAD000012159EC108B1546FFF790FC0446002805
:10CAE00046D0C9F30A57C9F313030FB143F48013B7
:10CAF0000193B8F1000313D101A8FFF721FD019BB9
:10CB000063610122203022610FB3A7F2334707444B
:10CB1000C0F1350037602860204603B0BDE8F083DF
:10CB200068460093FFF70CFD019BF8B10099C0F136
:10CB3000200203FA02F2C3400A430193002B626110
:10CB40000CBF01220222A3612261002FDDD104EB80
:10CB50008203A0F2324030601869FFF7CFFCC0EBCF
:10CB600042102860204603B0BDE8F083009AE5E754
:10CB7000034B0448224640F20F3100F025F900BF74
:10CB8000D00501084006010849B1FF2A02D80A7001
:10CB9000012070478A2303604FF0FF30704708463A
:10CBA000704700BF70B5054684B05BB11C460F4BA3
:10CBB000D3F8E060234669B12846B047431C0FD044
:10CBC00004B070BD094B00F58274D3F8E0602346D1
:10CBD0000029F1D10A46284601A9B047431CEFD1EC
:10CBE00000228A2322602B6004B070BD580600200A
:10CBF00010B582B0049CCDE900344FF0FF3300F053
:10CC000059FB02B010BD00BF2DE9F0478F681D46EB
:10CC1000AF420B680C46164636D8B1F90CC01CF46E
:10CC2000906F0ED13D46184631462A4600F04CF82A
:10CC3000A368DF1B2368A7602B4400202360BDE8A6
:10CC4000F0874A69096902EB42025F1A02EBD2726D
:10CC50006B1C52103B44934292BF914699461A4630
:10CC60001CF4806F804611D01146FCF745F98246CE
:10CC700000B321693A46F3F7C9FCA38923F4906312
:10CC800043F08003A38105E02F46CCE700F0F2F8E3
:10CC9000824658B10AEB0703A9EB0707A760C4F85F
:10CCA00010A0C4F8149023602F46BCE721694046C9
:10CCB000FCF726F8A3890C2243F04003C8F80020B3
:10CCC0004FF0FF30A381BAE788420ED98B18834218
:10CCD0000BD900EB020C002A6ED0624613F801CD8E
:10CCE00002F801CD9942F9D170470F2A0FD80346B7
:10CCF00002F1FF3C002A5FD00CF1010C013B8C4497
:10CD000011F8012B03F8012F6145F9D1704740EA72
:10CD100001039B0751D1A2F1100370B501F1200C62
:10CD200023F00F0501F1100E00F11004AC441B09B3
:10CD30005EF8105C44F8105C5EF80C5C44F80C5C27
:10CD40005EF8085C44F8085C5EF8045C44F8045C37
:10CD50000EF1100EE64504F11004E9D1013312F092
:10CD60000C0F01EB031102F00F0400EB031328D0AA
:10CD7000043C24F003064FEA940C1E441C1F8E460C
:10CD80005EF8045B44F8045FB442F9D10CF101048D
:10CD900002F0030203EB840301EB840102F1FF3C88
:10CDA0004AB10CF1010C013B8C4411F8012B03F842
:10CDB000012F6145F9D170BD704702F1FF3C034678
:10CDC0009AE72246EAE700BF00B50B4C25681446F7
:10CDD000EE681A4685B003460D464CB107490095EA
:10CDE000CDE901143046064900F076FA01F0EEFB79
:10CDF00004490C46F3E700BFFC0000209C06010834
:10CE0000AC060108A806010838B5A1FB021454BB02
:10CE1000FCF772F8054650B350F8042C22F00302D8
:10CE2000043A242A10D8132A13D91B2AC0E9004433
:10CE300016D9242AC0E902440ABFC0E9044400F11B
:10CE4000100200F1180205E02146FBF7DBFD284641
:10CE500038BD02460023C2E900339360284638BD3E
:10CE600000F10802F6E7FBF7A9FE0C23036000259A
:10CE7000284638BD2DE9F84F1646002900F0968067
:10CE80000C46804606F10B05FCF7E8FA54F8041C42
:10CE9000162DA4F1080921F0030758D81025AE4239
:10CEA00058D8AF4260DABE4B9A6809EB070C62456E
:10CEB000DCF8040000F0908020F0010363445B681C
:10CEC000DB0768D420F003003B189D4247DDCB0709
:10CED00012D454F8083CA9EB030BDBF8043023F020
:10CEE0000302104400EB070A554540F3F68007EBB8
:10CEF000020A554540F3CC8031464046FBF7FCFF23
:10CF00000646002800F0208154F8043C23F0010379
:10CF10004B44A0F10802934200F0B4803A1F242A47
:10CF200000F2D780132A00F2A2800346224611683D
:10CF300019605168596092689A6021464046FBF733
:10CF4000DFFE4046FCF790FA3046BDE8F88F35F03A
:10CF50000705A4D50C23C8F80030002618E01F46AA
:10CF6000DCE90223D3609A60D9F804307A1B0F2AD7
:10CF700003F0010309EB07001DD83B43C9F8043057
:10CF8000436843F0010343604046FCF76DFA2646D0
:10CF90003046BDE8F88FC907AED454F8083CA9EB79
:10CFA000030BDBF8043023F00302A0E7BDE8F84FE1
:10CFB0001146FBF7A1BF09EB05012B4342F001022B
:10CFC000C9F804304A60436843F001034360083104
:10CFD0004046FBF795FED7E720F00300C21905F1A4
:10CFE000100C624580F29180CA0785D454F8082C51
:10CFF000A9EB020BDBF8042022F00302104400EB43
:10D00000070AD4453FF773AF5E46DBF80C1056F8BD
:10D01000080F3A1F242AC160886000F2AE80132AEC
:10D0200040F2A9802168CBF808106168CBF80C1099
:10D030001B2A00F2A88008340BF11002216811604D
:10D0400061685160A16891600BEB0501AAEB0502D4
:10D0500042F0010299604A60DBF8043003F00103FA
:10D060002B434046CBF80430FCF7FEF990E72368E9
:10D070000360636843601B2A3CD804F1080200F196
:10D08000080354E750F8043C23F003031F446BE704
:10D090003A1F5E46DBF80C3056F8081F242ACB6096
:10D0A000996022D8132A1ED92368CBF80830636808
:10D0B000CBF80C301B2A3BD808340BF11003226844
:10D0C0001A6062685A60A2689A6034465746D94628
:10D0D0004AE72146FFF7F8FD2FE7DCE902133A1F84
:10D0E000CB609960D5E73346E9E721463046FFF744
:10D0F000EBFDEAE7A3688360E368C360242A27D0D6
:10D1000004F1100200F1100311E709EB0501996029
:10D11000531B43F001034B6054F8043C03F001033C
:10D120002B43404644F8043CFCF79EF926462FE783
:10D13000A368CBF81030E368CBF81430242A10D061
:10D1400010340BF11803BAE74046FCF78DF904E7F9
:10D15000236903616169416104F1180200F1180358
:10D16000E5E62369CBF818306369CBF81C30183436
:10D170000BF12003A3E7324660E721463046FFF774
:10D18000A3FD074B60E7A168CBF81010E168CBF86E
:10D190001410242A06D010340BF118024EE700BFF9
:10D1A000500200202269CBF818206269CBF81C20BD
:10D1B00018340BF1200241E72DE9F04F8BB0DDE987
:10D1C000157A86461E46002F5AD0156800295CD075
:10D1D000149B002B69D0741E4EB3043DCDE9015E53
:10D1E000DDF850B004910026039105920BE0039BFB
:10D1F0000BBB019B1868002836D0DC4557D2013C98
:10D20000631C664613D0019B029853F8042F0193C8
:10D21000DAF8E0503B4607A9D7E90098A847421C36
:10D2200037D000EB060CDC45E1D9C7E90098304661
:10D230000BB0BDE8F08F00280EDD049B019D184463
:10D240005A1E07A900F1FF3E11F8013B02F8013F09
:10D250007245F9D101950490059B1A6804321A6051
:10D26000019B18680028C8D10399059A01B1106084
:10D270000CF1FF36002230463A600BB0BDE8F08F6B
:10D28000156800F586770029A2D14FF0FF3314937B
:10D29000A1E7DDF808E006468A2100223046CEF8F4
:10D2A00000103A600BB0BDE8F08F149EBFE76646F1
:10D2B000BDE700BF10B584B0054C069800900798F4
:10D2C0000190044800680294FFF776FF04B010BD97
:10D2D00058060020FC0000200EB410B583B005AB4A
:10D2E000064C53F8042B01930146206800F008F81F
:10D2F00003B0BDE8104003B0704700BFFC00002041
:10D300002DE9F04FC7B016AFCDE9062183460822BC
:10D31000002138461C460C93FBF774FBBBF1000F51
:10D3200004D0DBF83430002B00F02786079B5A6EC0
:10D33000B3F90C30D00702D4990540F10A859E0458
:10D3400006D4079943F4005322F400528B814A66B5
:10D35000950400F1C386079AB2F90C30190740F121
:10D36000CB801269002A00F0C78003F01A020A2A53
:10D3700000F0D18000239E46CDE90FEECDE91B33AE
:10D38000DFF8F8A8CDF838E01DAB1A939946CDF830
:10D3900020E0CDF834E0069DDAF8E440FDF790FF98
:10D3A000009703462A4614A95846A047002800F0D3
:10D3B000D180C0F2C780149A252A034601D01D44AB
:10D3C000EAE7069BEE1A044640F0C88000234FF0BF
:10D3D000FF316A788DF84B3009936C1C05910393EB
:10D3E0000134A2F120035A2B00F2F980DFE813F098
:10D3F0006002F700F7005A02F700F700F7006A0032
:10D40000F700F700E801F901F700F3010402F70063
:10D41000FE015B005B005B005B005B005B005B0090
:10D420005B005B00F700F700F700F700F700F7007C
:10D43000F700F700F7009D016A02F700F700F70018
:10D44000F700F700F700F700F700F700F7002002F9
:10D45000F700F700F7007601F7008D02F700F700FC
:10D46000E704F700F700F700F700F700F700F70010
:10D47000F700F700F7009D01C201F700F700F70081
:10D480008402C2017E00F7000A03F700FB02E404F5
:10D49000DA027E00F70076017C00E104F700F70075
:10D4A0000A05F7007C00A2F13003002114F8012BDB
:10D4B00001EB810103EB4101A2F13003092BF5D906
:10D4C00009918EE75846FDF701FF43680F93184610
:10D4D000F3F796F9109005465846FDF7F7FE836876
:10D4E0000E93002D40F05684227879E7039B227832
:10D4F00043F02003039373E7079D5846294601F044
:10D5000003F8002840F01E86B5F90C3003F01A022B
:10D510000A2A7FF42FAF0799B1F90E20002AFFF6EF
:10D5200029AF4A6ED60702D49D0540F1CB85DDE9CF
:10D5300006212346584600F017FE0890089847B089
:10D54000BDE8F08F082200213846FBF75BFA012383
:10D550001D4421E7069BEE1A044612D0069BC9E93A
:10D5600000361C9B33441C931B9B0133072B1B93DE
:10D5700011DC09F10809089B33440893002C7FF45F
:10D5800025AF1C9B002B40F0B885079B0022B3F908
:10D590000C301B9218E007991AAA584600F024FE96
:10D5A00078B90DF17409E6E707991AAA584600F010
:10D5B0001BFE00287ED00B9B1BB10B995846FBF736
:10D5C0009FFB079BB3F90C30079A526ED1077CD5AD
:10D5D0005B0600F18D85089847B0BDE8F08F069492
:10D5E000002ACED000238DF84B3001238DF8B420D3
:10D5F00004930A932DAC00230B930593039810F02A
:10D600008408DDE91B2105D10998049D451B002DE7
:10D6100000F3D6829DF84B0078B101320120013130
:10D62000C9F80400072A0DF14B00CDE91B21C9F808
:10D63000000000F3FA8209F108097BB1013213A856
:10D640000231C9F80000072A4FF00200CDE91B2182
:10D65000C9F8040000F3F88209F10809B8F1800F55
:10D6600000F00C82059B0A981D1A002D00F34A82D7
:10D670000A9BC9F8004001321944072ACDE91B2151
:10D68000C9F8043000F3798209F10809039B5807AF
:10D6900005D5099B049A9C1A002C00F3E282DDE96F
:10D6A000083204988242ACBF9B181B1808930029CB
:10D6B0007FF47AAF00231B930B9B1BB10B99584649
:10D6C000FBF71EFB0DF1740965E69A0580D4079CF3
:10D6D000A06DFBF7A7FAB4F90C3079E70C9E06941D
:10D6E00056F8044B00238DF84B30002C00F05D847D
:10D6F000532A00F0A283039B13F0100540F09D8392
:10D70000059B002BC0F2CD841A4629462046F3F72C
:10D7100017F80B90002800F00685031BCDE90A35A9
:10D7200023EAE373049300F09DBC0C9B0694432A08
:10D7300003F1040503D0039BD80640F16783082258
:10D74000002118A8FBF75EF90C9B2DAC1A68214646
:10D7500018AB5846FFF726FA034601330A9000F04B
:10D76000D6840A9B23EAE373049300230C958DF877
:10D770004B3040E7039B0694990640F1AC800C9B2C
:10D78000073323F0070319465A6851F8083B0C91F8
:10D790001146002AC0F23F81059A002AC0F2488152
:10D7A000039A22F08002039253EA010240F0408182
:10D7B000059B002B40F08B8404930A9346AC49E10F
:10D7C0000C9B53F8042B0992002A80F2BA82099A22
:10D7D0000C9352420992039B227843F00403039373
:10D7E000FEE52B2322788DF84B30F9E5039B227858
:10D7F00043F080030393F3E5204610F8012B2A2A17
:10D8000000F09584A2F13003092B98BF002100F2AB
:10D81000608410F8012B01EB810103EB4101A2F1BF
:10D820003003092BF5D941EAE17305930446D8E5A5
:10D83000039B069443F0100212F0200100F0518285
:10D840000C9B073323F007031846596850F8083B30
:10D850000C9022F480640394059C002084428DF88F
:10D860004B007CDB53EA010422F4906240F0818398
:10D87000039C0392059B002B69D1002840F05C8239
:10D8800014F001020A9200F0608230238DF8173103
:10D890009DF84B3004920DF21714002B40F0DF80FE
:10D8A0000B93E1E0039B227843F00103039397E598
:10D8B0009DF84B302278002B7FF492AD20238DF819
:10D8C0004B308DE5039B069443F010030393039BB9
:10D8D00099063FF554AF0C9A52F8043B0C92039A08
:10D8E000D20600F14382039A560640F13B8243F38D
:10D8F000C0310A461BB24CE72278039B682A00F02D
:10D90000958243F0400303936AE5039B069443F03A
:10D91000100414F0200100F0F3810C9B073323F076
:10D9200007031A46596852F8083B0C9200228DF8FA
:10D930004B20059A002AC0F21E8324F08002039235
:10D9400053EA010274D1059B0120002B95D00128D8
:10D9500000F0BD8300230228194600F01A8146AC6E
:10D9600003F00702DB0843EA4173C908303253EA87
:10D970000105204604F8012DF2D1039BDD0740F19B
:10D980001681302A00F013813023059A04F8013CF7
:10D99000023846AB1B1A9A42B8BF1A460A9304468D
:10D9A000049257E0039B0C9A069443F002030393FE
:10D9B00052F8043B0C9247F63002ADF84C20AD4AC9
:10D9C0000D92002100228DF84B20059A002AC0F20A
:10D9D000E080039C53EA010024F08002039240F0AF
:10D9E000D880022046E7039B06949C0640F1C18143
:10D9F0000C9B089A1B681A60D2175A600C9B043360
:10DA00000C93C8E42278039B6C2A00F0088243F050
:10DA100010030393E4E42D228DF84B20059A5B421A
:10DA200061EB4101002A03DB039A22F0800203929A
:10DA30000A2B71F1000280F039823033DBB28DF8AD
:10DA40001731059B012BB8BF0123049301230A93CF
:10DA50000DF217149DF84B30002B3FF421AF00233B
:10DA60000B93049B01330493039B13F002033FF4D5
:10DA7000C5AD049B023304930223BFE5099B0498C0
:10DA80001D1A002D7FF7EEAD102DDFF8EC8126DD9D
:10DA900040464B46A046DDF81C901026044604E0A4
:10DAA000103D102D03F1080315DD01321031072A56
:10DAB000C3E90046CDE91B21F2DD1AAA49465846C2
:10DAC00000F092FB00287FF476AD103D102DDDE9CB
:10DAD0001B211DABE9DC994623464446984601329A
:10DAE0002944072ACDE91B21C9F80080C9F8045050
:10DAF00000F34882059B0A981D1A002D09F10809B8
:10DB00007FF7B6AD102DDFF8708128DD4B4610266B
:10DB1000A9462546079C06E0A9F11009B9F1100FA6
:10DB200003F1080318DD013253481031072AC3E915
:10DB30000006CDE91B21EFDD1AAA2146584600F068
:10DB400053FB00287FF437ADA9F11009B9F1100F8C
:10DB5000DDE91B211DABE6DC2C464D469946013222
:10DB60002944072ACDE91B21C9F80080C9F80450CF
:10DB700000F3D58009F108097AE507991AAA5846F1
:10DB800000F032FB00287FF416AD1C990DF17409EA
:10DB90007CE50D9846AC03F00F021B09825C04F88B
:10DBA000012D43EA0173090953EA0102F3D1059AF1
:10DBB00046AB1B1B9A42B8BF1A460A93049249E728
:10DBC000102D2F4E23DD48461193A146079C04E0FB
:10DBD000103D102D00F1080016DD01321031102328
:10DBE000072ACDE91B2106604360F1DD1AAA214610
:10DBF000584600F0F9FA00287FF4DDAC103D102DF6
:10DC0000DDE91B211DA8E8DC119B4C468146013251
:10DC10002944072ACDE91B21C9F80060C9F804503E
:10DC200000F3978109F10809F4E4079911931AAAFE
:10DC3000584600F0D9FA00287FF4BDACDDE91B217D
:10DC4000119B0DF17409F8E407991AAA584600F0DF
:10DC5000CBFA00287FF4AFACDDE91B210DF174098C
:10DC6000FCE4102C1B9B064E28DDDDF81C801025E3
:10DC70000DE000BF44050108440B010858060020D0
:10DC8000540B0108103C102C09F1080916DD013372
:10DC90001031072BC9E90065CDE91B31F2DD1AAA65
:10DCA0004146584600F0A0FA00287FF484AC103CAE
:10DCB000102CDDE91B310DF17409E8DC013321443E
:10DCC000072BC9E90064CDE91B317FF7E8AC079960
:10DCD0001AAA584600F088FA00287FF46CAC1C9908
:10DCE000DDE40C9850F8043B0C9012F010007FF427
:10DCF000B0AD12F0400400F062819BB20146A8E58D
:10DD00000C9A52F8043B0C9214F010027FF40EAE01
:10DD100014F0400000F059819BB2114606E60799C5
:10DD20001AAA584600F060FA00287FF444ACDDE9F6
:10DD30001B210DF174099BE4059B04930A9346ACE7
:10DD400088E622780C93FFF74BBB059B049346AC07
:10DD500080E6079DA86DFAF763FFB5F90C306A6E8F
:10DD6000FFF7EDBA039A950500F18781D9170A46A6
:10DD70000FE5039BD80600F11381039B590600F1C0
:10DD80008B81039B9A0540F10B810C9B089A1B68C1
:10DD90001A7033E60E9B2278002B3FF421AB1B78E0
:10DDA000002B3FF41DAB039B43F480630393FFF709
:10DDB00017BB0694039CACE5039A06943CE5B24B72
:10DDC00006940D93039B13F020015FD00C9B073347
:10DDD00023F007031846596850F8083B0C90039C41
:10DDE000E6070AD553EA010007D08DF84D2044F02C
:10DDF0000202039230228DF84C20039A22F48062B2
:10DE00000392DFE5A14B06940D93DBE70C9B1B68A7
:10DE10008DF8B430012304930A932DACA5E443F0AC
:10DE20002003627803930134FFF7DABA43F40073F6
:10DE3000627803930134FFF7D3BA0822002118A8AF
:10DE40001594FAF7DFFD059B002BC0F2DC8000255E
:10DE5000CDF81090A84699460EE02DA95846FEF739
:10DE6000A1FE431C404400F05281484509DC05F105
:10DE7000040500F054818046159A525918AB002AC7
:10DE8000EBD1DDF81090CDF82880C9E00C9850F85F
:10DE9000043B0C90039810F01000A0D1039911F0EE
:10DEA000400400F099809BB2014698E7039ACDF8B0
:10DEB000109046AC02F48062A146CDF828B0744EB2
:10DEC000DDF838B04FF0000C144605E00A2B71F174
:10DED000000136D3434629465A1842F10002A6FBF8
:10DEE000020525F0030000EB9500121A981A4FF076
:10DEF000CC3561F1000E05FB00F506FB0E55A0FBCD
:10DF00000680054408F0010E0520AEFB000E8018C7
:10DF10004FEA5808303009F8010C48EAC5780CF18E
:10DF2000010C09F1FF396D08002CCFD09BF80020BF
:10DF30006245CBD1BCF1FF0FC8D00A2B71F10001B3
:10DF400051D2CDF838B04C46DDF828B0DDF810904D
:10DF50002DE6079911931AAA584600F045F90028B2
:10DF60007FF429ABDDE91B21119B0DF17409FFF74B
:10DF700051BB0392F3E403945AE55846FAF792FC36
:10DF8000FFF7D4B907991AAA584600F02DF90028CE
:10DF90007FF411ABDDE91B210DF17409FFF762BBC2
:10DFA0000C9B089A1B681A6028E5059B394C0C9657
:10DFB000062B28BF06230A930493FFF71CBB12F419
:10DFC00000711CBFDBB2214643E414F400713FF43E
:10DFD000ADACDBB20146A9E4039911F400711CBF9A
:10DFE000DBB22146FBE6109B0F99A9EB03091A4609
:10DFF0004846FDF731F99BF801300BB10BF1010BED
:10E000004FF0000C66E718AB00930023194615AAE1
:10E010005846FEF7EDFD034601330A9077D015947C
:10E020000A9BE3B1632B45DC00230B932DAC082244
:10E03000002118A8FAF7E6FC0A9D18AB009315AA70
:10E040002B4621465846FEF7D3FD854240F0858099
:10E050000A9A0023A35422EAE273049302E00A9B83
:10E0600004930B939DF84B301BB100230C96059342
:10E07000F7E405930C96FFF7C1BA43F3C0110A46C3
:10E080005BB2FFF786BB00BF5805010844050108D5
:10E09000CDCCCCCC6C0501080C9B089A1B681A806F
:10E0A000ACE42046F2F7ACFB20EAE073CDE90A05C8
:10E0B0000493D7E7591C5846FAF71EFF044630B3BD
:10E0C0000B90B4E7886DFAF7ADFDFFF730BA302357
:10E0D000B5E4002304460593FFF783B9D40707D4BA
:10E0E000079B9B89980503D4079B986DFAF79AFDC7
:10E0F0004FF0FF330893FFF76EBA07991AAA5846F4
:10E1000000F072F800283FF440AAFFF75ABA079AC5
:10E11000B2F90C3043F040039381FFF755BADDE9C3
:10E1200004930A937CE7059B04930A939AE70C9B5C
:10E13000627853F8041B0C9341EAE171044605919F
:10E14000FFF74EB9079A536EDB07D1D493899F0529
:10E15000CED4906DFAF766FDCAE7079A938943F02B
:10E1600040039381FFF727BAF0B51F468B89ADF2C4
:10E170006C4D23F00203ADF80C301AAB00930493FE
:10E180004FF48063029305934B6E1993CB89ADF8DE
:10E190000E30CB6907934B6A099315460023064658
:10E1A00016A80C460693FAF737FD2A463B46694601
:10E1B0003046FFF7A5F8051E07DB69463046FDF738
:10E1C00021F8002818BF4FF0FF35BDF80C305B0672
:10E1D00003D5A38943F04003A3811698FAF71EFDE7
:10E1E00028460DF26C4DF0BD936810B514461BB96E
:10E1F00018460023636010BD00F006F80023A360FA
:10E200000023636010BD00BF9368002B00F0F8800E
:10E210002DE9F04FB1F90CC01CF0080F83B0904607
:10E2200081460C4631D00B697BB31CF00207D8F84D
:10E23000006038D00027D4F824B0E169DFF8C4A228
:10E240003D4655452B463A4628BF53464846C5B13C
:10E25000D847002840F3CA80D8F808301B1A074472
:10E260002D1AC8F80830002B00F0B68055452B4613
:10E27000D4F824B0E16928BF53463A464846002DF9
:10E28000E6D1D6E900750836DBE72146484600F0BE
:10E290003BF9002840F0AF80B4F90CC0D8F800601A
:10E2A0001CF00207C6D11CF0010A63D12368A168E3
:10E2B000574618468B46002F58D01CF4007F00F0BC
:10E2C000B580B9420A4600F2E1801CF4906F2FD06D
:10E2D000216962695D1A02EB420202EBD2726B1C89
:10E2E00052103B44934292BF93469B461A461CF4FD
:10E2F000806F00F0EA8011464846FAF7FDFD0028DD
:10E3000000F0F9802A4621690090F2F77FF9A2898E
:10E31000009B22F4906242F08002A2815819ABEB7C
:10E320000505C4F814B02361A5602060BB463A46D9
:10E3300051460092FEF7C8FCA1682368009AA1EB41
:10E340000B011A443D46A16022600027D8F808302E
:10E350005B1BAA44C8F80830002B3DD02368A16895
:10E36000B4F90CC018468B46002FA6D1D6E900A7F9
:10E3700008369EE73846BB463D460097002D41D003
:10E38000002846D0009A2068A168D4E90473AA4204
:10E3900028BF2A46B84204D901EB030A524500F3CC
:10E3A0008580934275DCE169676A5A464846B847FA
:10E3B000B0F1000A1ADD009BB3EB0A0300930FD003
:10E3C0000120D8F80830A3EB0A03D344A5EB0A05D3
:10E3D000C8F80830002BD1D1002003B0BDE8F08F81
:10E3E00021464846FCF70EFF0028EAD0B4F90C306D
:10E3F00043F04003A3814FF0FF3003B0BDE8F08F3E
:10E4000000207047756833460836002DFAD0D3F8DF
:10E4100000B02A460A215846F2F792F9002867D040
:10E420000130A0EB0B0300931A46ACE722699A4235
:10E4300014D36269BA4211D86FF00043BB4228BFBF
:10E440003B46656A93FBF2F3E16902FB03F348463E
:10E450005246A847051EC9DD7F1B77E7B94228BF92
:10E4600039460D4618460A465146FEF72DFCA1686E
:10E470002368491B2B44A16023600029ECD121466D
:10E480004846FCF7BFFE0028E6D0AFE7BB463A4659
:10E490004EE759460192FEF717FC019AA3689B1AB2
:10E4A000A360236813442360924684E7594652468A
:10E4B000FEF70AFC23685344236021464846FCF7D4
:10E4C000A1FE00283FF477AF90E74846FEF7D2FC64
:10E4D000034600287FF422AF21694846FAF710FC72
:10E4E000B4F90C300C22C9F8002023F080037FE738
:10E4F0006A1C009247E70C22B4F90C30C9F80020DE
:10E5000076E700BF00FCFF7F38B52F4B1B68054640
:10E510000C4613B15A6B002A4BD0B4F90C301807D3
:10E520001CD5226922B313F0010107D061690020D4
:10E530004942A060A1613AB1002038BD980758BF98
:10E540006169A160002AF7D1190658BF1046F4D5B9
:10E5500043F04003A3814FF0FF3038BDD9062CD5DE
:10E560005A0712D4226943F00803A381002ADAD1A2
:10E5700003F42071B1F5007FD5D02146284600F084
:10E580002DF8B4F90C302269CDE7216B51B104F1BB
:10E590004002914204D02846FAF7B2FBB4F90C309D
:10E5A0000022226322690021C4E9002123F0240310
:10E5B000D9E71846FAF776F9AFE7092243F04003A6
:10E5C0002A60A381C7E700BFFC00002008B5062031
:10E5D00000F072F80120F3F791F900BF2DE9F04146
:10E5E000B1F90C300C46990796B008D504F14303F5
:10E5F0000122C4E90432236016B0BDE8F081B4F909
:10E600000E100029064626DB6A4600F081F8002835
:10E610001FDB019D05F47045A5F50055B5FA85F59C
:10E620004FF480686D094FF4006741463046FAF7B1
:10E6300063FCE8B1B4F90C30C4F8148043F08003F3
:10E6400020602061A3813DBB3B43A38116B0BDE8A0
:10E65000F081B4F90C3013F0800519D04FF0400868
:10E660000025414630462F46FAF746FC0028E1D106
:10E67000B4F90C309A05BFD423F0030304F143022C
:10E6800043F002030121C4E90421A3812260B3E71E
:10E690004FF480682F46C8E7B4F90E10304600F0FA
:10E6A0004DF810B9B4F90C30CEE7A38923F0030379
:10E6B00043F001031BB2C7E738B5144B1F281D6890
:10E6C0001ED8D5F83821044662B152F820304BB13B
:10E6D000012B05D0591C0FD0002142F8201098477B
:10E6E000002038BD284600F051F822460146284651
:10E6F000BDE8384000F034B816232B60012038BD47
:10E7000016232B604FF0FF3038BD00BFFC00002007
:10E7100070B50C46084D03460026204611461C469F
:10E720002E60F3F712F9431C00D070BD2B68002B4C
:10E73000FBD0236070BD00BF3057002038B5074DB7
:10E740000022044608462A60F3F704F9431C00D06F
:10E7500038BD2B68002BFBD0236038BD305700201C
:10E7600070B50C46084D03460026204611461C464F
:10E770002E60F3F7BBF8431C00D070BD2B68002B54
:10E78000FBD0236070BD00BF30570020F3F7ACB85A
:10E7900038B52DED028B55EC104B00F0F5F8224604
:10E7A0002B4620462946B0EE408AF0EE608AF2F70A
:10E7B0002DFB30B90022002320462946F2F7FEFA4D
:10E7C00030B9B0EE480AF0EE680ABDEC028B38BDF5
:10E7D000FAF7F4F9002200232121016010461946BE
:10E7E000F2F7A4F941EC180BB0EE480AF0EE680A13
:10E7F000BDEC028B38BD00BF51EC100B1E4A21F05E
:10E80000004393421ED900B51C4A934285B008D9F3
:10E8100002460B46F1F7D8FC41EC100B05B05DF851
:10E8200004FB684600F0A0FB00F0030001289DED0A
:10E83000021B9DED000B14D0022807D0A0B900F0F8
:10E840009BF9EBE79FED0A1B00F096B900F094F9F5
:10E8500053EC102B03F1004300EE903A05B05DF845
:10E8600004FB00F0C1FAF3E7012000F0BDFAD5E7A0
:10E870000000000000000000FB21E93FFFFFEF7FE8
:10E8800051EC100B204A21F0004393421FD900B5F0
:10E890001E4A934285B008D902460B46F1F794FC14
:10E8A00041EC100B05B05DF804FB684600F05CFB22
:10E8B00000F0030001289DED021B9DED000B17D019
:10E8C000022809D0B8B9012000F08EFAEAE79FEDDE
:10E8D0000C1B002000F088BA012000F085FA53ECF0
:10E8E000102B03F1004300EE903A05B05DF804FBF5
:10E8F00000F042F9D6E700F03FF9F0E7AFF300800F
:10E900000000000000000000FB21E93FFFFFEF7F57
:10E9100008B52DED028BB0EE408A00F03FFDB4EE5D
:10E92000488AF1EE10FAF0EE408A0AD6B0EE480AB4
:10E9300000F01CF8F7EE007AB4EEE70AF1EE10FAF8
:10E9400004DCB0EE680ABDEC028B08BDFAF736F9BC
:10E95000BDEC028B034621221A600248BDE8084044
:10E9600000F00CB8A806010800F014BE10EE103A32
:10E9700023F0004300EE103A704700BF9FED010AFC
:10E98000704700BF0000C07F2DE9F84F764955EC75
:10E99000104BA94300F0AB80002D2A46234655DDDD
:10E9A0002C1562D0C2F31302E107A4F2FF3742F440
:10E9B000801203D4D90F01EB42025B005200002603
:10E9C00002EBD3727F105B001624B4464FF40011A3
:10E9D0000CEB010090424FEAD3754FEA430303DC8E
:10E9E00000EB010C121A0E44013C05EB42024FEA07
:10E9F0005101EDD1A04620254FF000400AE043D060
:10EA0000510001EBD371013D0A464FEA43034FEA3F
:10EA1000500045D0944508EB000EF0DABEF1000F2F
:10EA20000EEB00080CDBE146A2EB0C019E4588BF13
:10EA300001F1FF314900CC46A3EB0E030444E0E7AB
:10EA4000B8F1000FEFDB0CF10109EDE725F0004113
:10EA5000214346D0002D71D1D90A153A5B05002912
:10EA6000FAD0CE02144676D40A4600215200D502CE
:10EA7000084601F10101F9D5C1F1200523FA05F598
:10EA80002A438B40241A8DE79E4502D94FEA4C0158
:10EA9000B7E7BEF1000F0EEB000824DB0021CBE747
:10EAA000194312D0DFF8C4A0DFF8C4B0DAE90001DE
:10EAB000DBE90023F1F788FBDAE9008902460B461F
:10EAC00040464946F2F784F9F8B96508711001F13A
:10EAD0007F5101F5001101EB075345EAC67243EC83
:10EAE000102BBDE8F88FB8F1000FACDAD6E722465C
:10EAF0002B4620462946F1F7EFFE22462B46F1F73A
:10EB000065FB41EC100BBDE8F88FB4F1FF3FDAE98B
:10EB10000001DBE9002322D0F1F758FBDAE9008994
:10EB200002460B4640464946F2F748F9C8B1A31CD5
:10EB300004F1020508BF01366D08C7E722462B46DF
:10EB400020462946F1F740FB02460B46F1F7EEFF5F
:10EB500041EC100BC5E74FF0FF300A4692E7013653
:10EB6000B4E70134B1E700BF0000F07F700B01088B
:10EB7000680B0108000000002DE9F04F57EC106B06
:10EB800027F00048B8F1795F5BEC11AB85B071D22A
:10EB900030463946F2F750F9002800F0F48032464A
:10EBA0003B4630463946F1F797FE79A3D3E9002377
:10EBB00004460D46F1F790FE77A3D3E90023F1F761
:10EBC00005FB22462B46F1F787FE75A3D3E9002308
:10EBD000F1F7FAFA22462B46F1F77EFE72A3D3E94B
:10EBE0000023F1F7F3FA22462B46F1F775FE70A3E6
:10EBF000D3E90023F1F7E8FA22462B46F1F76CFE41
:10EC00006DA3D3E90023F1F7E1FA22462B46F1F791
:10EC100063FECDE900016E4B002220462946F1F744
:10EC20005BFEDDE900238046894620462946F1F750
:10EC300053FE44464D468046894652465B46304622
:10EC40003946F1F749FE02460B4640464946F1F780
:10EC5000BBFA02460B4620462946F1F7B5FA0246B2
:10EC60000B4600205B49F1F7AFFA41EC100B05B001
:10EC7000BDE8F08F32463B4630463946F1F72CFE70
:10EC800043A3D3E9002304460D46F1F725FE42A332
:10EC9000D3E90023F1F79AFA22462B46F1F71CFE3E
:10ECA0003FA3D3E90023F1F78FFA22462B46F1F771
:10ECB00013FE3DA3D3E90023F1F788FA22462B4641
:10ECC000F1F70AFE3AA3D3E90023F1F77DFA2246D1
:10ECD0002B46F1F701FE38A3D3E90023F1F776FACA
:10ECE0002B462246F1F7F8FD3B4B9845CDE9000154
:10ECF00091D93A4B98453DD8A8F5001300223549E3
:10ED0000002090469946F1F75FFACDE90201304BB9
:10ED1000002220462946F1F7DFFD42464B46F1F737
:10ED200053FADDE900238046894620462946F1F75B
:10ED3000D3FD44464D468046894652465B463046A2
:10ED40003946F1F7C9FD02460B4640464946F1F700
:10ED50003BFA02460B4620462946F1F735FA0246B1
:10ED60000B46DDE90201F1F72FFA41EC100B05B07B
:10ED7000BDE8F08F9FED127BDFF864908DED027B94
:10ED80004FF00008C3E79FED100B05B0BDE8F08F12
:10ED9000D43888BEE9FAA8BDC4B1B4BD9EEE213E08
:10EDA000AD529C804F7E923E9015CB19A001FA3E49
:10EDB0007751C1166CC1563F4C5555555555A53F19
:10EDC000000000000000E73F000000000000F03FEE
:10EDD0000000E03F0000F03F3233D33F0000E93F46
:10EDE0000000D23F000000002DE9F04F55EC104B21
:10EDF00025F0004385B0B3F1795F8DED001B8046AF
:10EE000006D220462946F2F717F8002800F08A803B
:10EE100022462B4620462946F1F75EFD06460F4660
:10EE200032463B4620462946F1F756FD43A3D3E937
:10EE3000002382468B4630463946F1F74DFD41A30B
:10EE4000D3E90023F1F7C0F932463B46F1F744FD20
:10EE50003EA3D3E90023F1F7B9F932463B46F1F777
:10EE60003BFD3CA3D3E90023F1F7AEF932463B4624
:10EE7000F1F732FD39A3D3E90023F1F7A7F9CDE982
:10EE80000201B8F1000F35D0DDE900012A4B002264
:10EE9000F1F722FDDDE902238046894650465946B6
:10EEA000F1F71AFD02460B4640464946F1F78CF948
:10EEB00032463B46F1F710FDDDE90023F1F784F916
:10EEC0001BA3D3E9002306460F4650465946F1F7E7
:10EED00003FD02460B4630463946F1F777F9024604
:10EEE0000B4620462946F1F76FF941EC100B05B0AF
:10EEF000BDE8F08F02460B4630463946F1F7ECFC90
:10EF00000BA3D3E90023F1F75FF952465B46F1F713
:10EF1000E3FC22462B46F1F759F941EC100B05B002
:10EF2000BDE8F08F45EC104B05B0BDE8F08F00BF99
:10EF3000495555555555C53F0000E03F7CD5CF5A42
:10EF40003AD9E53DEB9C2B8AE6E55A3E7DFEB1576A
:10EF5000E31DC73ED561C119A0012A3FA6F81011D3
:10EF60001111813F000000002DE9F04F53EC102BF0
:10EF7000874923F000458D4291B0044640F28E80CF
:10EF800084498D421E462AD8002E1046194676A383
:10EF9000D3E9002340F3A881F1F716F97E4B9D4297
:10EFA00006460F4600F08B8071A3D3E90023F1F7EA
:10EFB0000BF98046894642464B4630463946F1F7C2
:10EFC00003F96BA3D3E90023F1F7FEF8C4E9008944
:10EFD000C4E902010127384611B0BDE8F08F6F493E
:10EFE0008D4240F286806E498D425FD84FEA255AA5
:10EFF000AAF2164AA5EB0A51104690468946F1F747
:10F000001BFFF1F72FFA02460B4640464946CDE971
:10F010000A23F1F7D9F8634B0022F1F75DFC89462A
:10F020008046F1F709FFF1F71DFA02460B4640460C
:10F030004946CDE90C23F1F7C7F85A4B0022F1F706
:10F040004BFCCDE90E0110AF03254FF000084FF047
:10F05000000977E9020142464B46AB46013DF1F714
:10F06000A3FE0028F5D1504B019302230093524692
:10F070005B4621460AA800F00FFC002E0746AADADC
:10F080006168226801F10043E168C4E90023A268D5
:10F0900001F10043C4E9022347429CE7002000211C
:10F0A00084ED000BC4E90201002794E710461946DD
:10F0B000F1F78AF8C4E90201C4E90001F4E72EA3DC
:10F0C000D3E90023F1F780F82DA3D3E90023064606
:10F0D0000F46F1F779F88046894642464B4630465E
:10F0E0003946F1F771F826A3D3E90023F1F76CF85C
:10F0F0006CE700F04BF959EC108B23A3D3E9002304
:10F1000040464946F1F7E8FB284B0022F1F75EF84C
:10F11000F1F792FE0746F1F7A5F902460B46CDE955
:10F12000042311A3D3E90023F1F7D6FB02460B46D3
:10F1300040464946F1F748F80DA3D3E9002382463B
:10F140008B46DDE90401F1F7C7FB1F2FCDE9020172
:10F1500030DC174B7A1E53F82230AB422AD00246DD
:10F160000B469DE0AFF3008000004054FB21F93FC7
:10F170003163621A61B4D03D0000601A61B4D03DC1
:10F180007370032E8A19A33B83C8C96D305FE43FB7
:10F19000FB21E93F7BD90240FB21F93FFB213941AB
:10F1A000FFFFEF7F00007041F80B01080000E03F17
:10F1B000780B0108DDE9022350465946F1F704F8BF
:10F1C0002B150793C1F30A53C3EB1553102B80463D
:10F1D00089466BDD64A3D3E90023DDE90401F1F77F
:10F1E0007BFB8046894642464B4650465946F0F7DF
:10F1F000EBFF02460B4650465946CDE9082392469E
:10F200009B46F0F7E1FF42464B46F0F7DDFF58A37F
:10F21000D3E9002380468946DDE90401F1F75CFB70
:10F2200042464B46F0F7D0FF02460B465046594641
:10F23000CDE90223F0F7C8FF079AC1F30A53D31AA6
:10F24000312B804689464CDD4CA3D3E90023DDE910
:10F250000401F1F741FB8046894642464B46504641
:10F260005946F0F7B1FF82468B4652465B46DDE9D0
:10F270000801F0F7A9FF42464B46F0F7A5FF41A36E
:10F28000D3E9002380468946DDE90401F1F724FB38
:10F2900042464B46F0F798FF02460B46CDE9022363
:10F2A00050465946F0F790FF8046894642464B4605
:10F2B000C4E9008950465946F0F786FFDDE902238C
:10F2C000F0F782FF002EC4E90201BFF684AE09F117
:10F2D0000043C4E9008301F10043C4E902037F4213
:10F2E00079E6DDE908ABE1E7F0F770FF224B9D42DC
:10F2F00006460F4618D01AA3D3E90023F0F766FF9D
:10F300008046894642464B4630463946F0F75CFF18
:10F3100013A3D3E90023F0F759FFC4E90089C4E936
:10F3200002014FF0FF3756E60FA3D3E90023F0F7B1
:10F330004DFF0FA3D3E9002306460F46F0F746FF23
:10F340008046894642464B4630463946F0F73CFFF8
:10F3500007A3D3E90023F0F739FFDEE7AFF300801E
:10F360003163621A61B4D03D0000601A61B4D03DCF
:10F370007370032E8A19A33BFB21F93F0000002E76
:10F380008A19A33BC14920259A837B3951EC100B84
:10F39000024621F0004343EC102B704738B510EEC5
:10F3A000105A25F00044B4F17E5F2DED048BF0EE91
:10F3B000407A7FD077D8B4F17C5F0ED2B4F1485F49
:10F3C00080F092809FED637A30EE077AF7EE006A64
:10F3D000B4EEE67AF1EE10FA62DCB0EE670AFFF7FF
:10F3E000C5FAF7EE007A37EEC08AB6EE007A28EE5C
:10F3F000078ADFED596A9FED597A9FED596A9FEDB3
:10F40000595ADFED595ADFED598AE8EE076A9FED48
:10F41000587AA8EE067A9FED576AA6EE885AA7EEAC
:10F42000086A9FED557ADFED556AE5EE085AA6EEBB
:10F43000087AE5EE886AE7EE087AE6EE888AB0EEAA
:10F44000480AB0EE679A00F023FA4D4B9C4268EEF2
:10F45000888A3AD810EE103A6FF30B0306EE903A12
:10F46000A6EEE68A70EE267A88EE895AC8EE274A1A
:10F470009FED447ADFED447AB0EE006AA4EEC67ADE
:10F4800030EE000AF0EE675A90EE057AE6EEC65AC4
:10F4900037EE657A37EEC70A002D01DCB1EE400A7F
:10F4A000BDEC048B38BDBDEC048B70EE407A87EE6A
:10F4B000A70A38BDBDEC048B9FED320A9FED337A6D
:10F4C00027EE800AA7EE870A38BD88EE896A9FED8D
:10F4D000307ADFED2E7AA0EE060AF0EE006AA0EE9A
:10F4E000267A37EEC70AD7E720EE007ADFED1B6AEF
:10F4F0009FED196ADFED1B5A9FED195ADFED1A4A8D
:10F50000A7EE266ABDEC048BE6EE075ADFED186A1B
:10F510009FED186AE7EE056AE5EE874AA6EE876A70
:10F520009FED165ADFED145ADFED106AA4EE875AEC
:10F53000E6EE075AE5EE076AB7EE006AA5EE876ABF
:10F5400026EE877AC7EE066AE0EE267AB0EE670A04
:10F5500038BD00BFCAF24971047F4F3A08EF113835
:10F560002EC69D3D461124BDA80A4E3EABAA2A3E9A
:10F57000613330BF2D57014039D119C090B0A6BEBC
:10F580009999793F2EBD3BB3DB0F493FDB0FC93F54
:10F590002EBD3B3310B582B0CDED010A019B23F0A7
:10F5A0000042B2F1FF4FF0EE407A30D810EE100A70
:10F5B00020F00041B1F1FF4F29D8B3F17E5F42D076
:10F5C0009C1704F0020444EAD07431B37AB3B2F168
:10F5D000FF4F40D0B1F1FF4F29D0891AB1F1F45F4C
:10F5E0004FEAE15234DA002B42DA3C3240DA9FED46
:10F5F000340A012C4ED0022C43D064B19FED317AF5
:10F60000DFED317A30EE070A30EE670A03E09DED58
:10F61000017A37EE270A02B010BD022C10D09FED00
:10F620002B7A032C08BFB0EE470A02B010BD9FED45
:10F63000280ADFED287A0028A8BFB0EE670AEAE7BB
:10F640009FED210AE7E702B0BDE8104000F04AB89C
:10F650009FED200ACDE7B1F1FF4F04F1FF3420D038
:10F66000022C26D81C4B03EB840393ED000AD2E74F
:10F670009DED017A87EE870AFFF778F900F032F8FE
:10F68000B7E79FED107ADFED107A30EE070A37EE1C
:10F69000C00AC0E710EE103A03F1004300EE103A42
:10F6A000B9E7022C08D80D4B03EB840393ED000A55
:10F6B000B1E79FED030AAEE79FED090AABE700BF94
:10F6C000000000002EBDBB33DB0F4940DB0F49C0FB
:10F6D000DB0FC9BFDB0FC93F000D01080C0D01088E
:10F6E000DB0F493F38B510EE105A25F00044B4F155
:10F6F000A14FF0EE407A0DD3B4F1FF4F5BD8DFEDB0
:10F70000517A9FED517A002DCCBFB0EE470AB0EE92
:10F71000670A38BD4D4B9C425CD8B4F1445F4DD371
:10F720004FF0FF3327EEA76A9FED495A9FED497AC4
:10F73000DFED495ADFED494A66EE066A5A1CA6EE2D
:10F74000857AE6EEA54A9FED465ADFED465AA7EECA
:10F75000265AE4EEA65A9FED447ADFED444AA5EE20
:10F76000267AE5EEA64A9FED425ADFED425AA7EE11
:10F77000265A9FED417AA4EEA67AE5EE265A27EEA8
:10F78000267AA5EE867A27EE877A38D03B493C4A1E
:10F7900001EB8301D1ED006A37EE667A02EB830359
:10F7A000D3ED006A37EE677A002D36EEC70AB0DA7D
:10F7B000B1EE400A38BD30EE000A38BD9FED317A17
:10F7C00030EE077AF7EE006AB4EEE67AF1EE10FA60
:10F7D000A6DD38BDFFF7CAF82B4B9C4212D8A3F523
:10F7E000D0039C4223D8F0EE007ABFEE007AA0EE60
:10F7F000277A002330EE270AC7EE007A92E737EE29
:10F80000C70A38BD214B9C420BD8F7EE087AB7EEF9
:10F81000007AA0EE277A022330EE670AC0EE077A5C
:10F8200080E7BFEE007AC7EE007A03237AE7F7EEAF
:10F83000007A30EE677A30EE270A0123C7EE007AAD
:10F8400070E700BFDB0FC9BFDB0FC93FFFFFDF3E23
:10F85000D769853C59DA4B3D21A215BD6BF16EBDD0
:10F86000356B883D95879DBD6E2EBA3D388EE3BDC4
:10F870002549123EABAAAA3ECDCC4CBE180D0108BC
:10F88000280D0108CAF24971FFFF973FFFFF1B4097
:10F89000B1EEC00A704700BF2DE9F04FADF5197DFC
:10F8A0009C460B91BD4BA299049053F821300593CF
:10F8B00012F1140F0CF1FF330393C0F2AD82B8497B
:10F8C000D31E81FB0301DB17C3EBA10308930133B4
:10F8D000A3EB8303DB00D618089A039BD41A059A7E
:10F8E000D7181DD40137DDF88CA2274420AD4FF086
:10F8F00000084FF00009E34608E05AF82400F0F74A
:10F90000B1FD0134BC42E5E8020108D0002CF4DA74
:10F91000013440464946BC42E5E80201F6D1DC46E6
:10F92000059B002BB8BF4FEACC0738DB20AB03EBBD
:10F93000CC0A059BDDF80C90029663444FEACC0795
:10F940000093049BCDE906C70DF5E07B03EBCC08E3
:10F950004B46D9469B46039B002BC0F2A281049ED6
:10F9600057460024002577E90223F6E80201F0F764
:10F97000B3FF02460B4620462946F0F727FC4645D2
:10F9800004460D46EFD1009B0BF1010B9B45E9E8C6
:10F9900002450AF1080ADED1DDE906C7029E049B92
:10F9A000059A009203EB070B0CAB03EB8203043BBD
:10F9B00009930CAB03EB8207CDF828C0009A98ABF3
:10F9C00003EBC203002A53E928454FEAC2082CDDA5
:10F9D0000DF5E07AD0440DF1300902960697714B8F
:10F9E000002220462946F0F777FFF1F725FAF0F7D5
:10F9F00039FD6D4B002206460F46F0F76DFF0246BB
:10FA00000B4620462946F0F7DFFBF1F715FA78E9B7
:10FA1000022349F8040B39463046F0F7D7FBD045AE
:10FA200004460D46DBD1029E069F45EC104B304646
:10FA300000F04AFB55EC104B00224FF07F5320465C
:10FA40002946F0F749FF41EC100B00F0C9FB574B7A
:10FA500051EC100B0022F0F73FFF02460B46204608
:10FA60002946F0F7B1FB0D460446F1F7E5F9824669
:10FA7000F0F7F8FC02460B4620462946F0F7A4FBB7
:10FA8000002E8046894640F39380009B0CAA581EA6
:10FA9000C6F1180352F8202042FA03F404FA03F3E3
:10FAA000D21AC6F117010CAB42FA01F5002D43F84A
:10FAB0002020A24400F3DC80002200234046494677
:10FAC000F1F772F9002800F05782009B059A9342E3
:10FAD0000CDD0CAA02EB8303002253F8041DBB4289
:10FAE00042EA0102F9D1002A40F0DE80059B0CAA0F
:10FAF000013B52F82330002B40F0CE80099A0123BD
:10FB000052F8041D01330029FAD0009A134401323F
:10FB1000914600990A9802930144089802EB000A62
:10FB20000AF1804AA3980AF1FF3A00EB8A0A20A85A
:10FB300000EBC108CDE9066770A901EBC202009293
:10FB40005AF8040FF0F78EFC039B002BE8E8020143
:10FB500020DB049E47460024002577E90223F6E8CF
:10FB60000201F0F7B9FE02460B4620462946F0F79F
:10FB70002DFB5E4504460D46EFD1009BE3E80245B0
:10FB80000093029B09F101099945D9DDDDE906677A
:10FB9000009313E700240025EFE700BF780D01086C
:10FBA000ABAAAA2A0000703E00007041000020406D
:10FBB00055D1009B0CAA013B52F82350ED15002DA6
:10FBC0007FF77AAF009B002B0AF1010A40F34382D2
:10FBD0000CAB002253F8044B002C3BD0C4F18074D2
:10FBE00043F8044C6FF07F40009C03E01968411A11
:10FBF00043F8041B01329442F8DC0124002E0DDD91
:10FC0000012E3ED0022E09D1009B5A1E0CAB0CA92E
:10FC100053F82230C3F3150341F82230022D7FF44C
:10FC20004BAF42464B4694490020F0F7CDFA804650
:10FC30008946002C3FF440AF30469FED8D0B00F01D
:10FC400043FA4046494653EC102BF0F7BDFA804684
:10FC5000894631E7009901329142BBDCCEE7874B00
:10FC60000022F1F7BFF8002840F0C480054623E7E2
:10FC7000009B002B0AF1010AD8BF0024A8DC012E4A
:10FC8000C0D1009B5A1E0CAB0CA953F82230C3F311
:10FC9000160341F82230C1E7009B5A1C91461346D7
:10FCA00037E7002400256EE6009A0CAB541ECDE920
:10FCB000035A53F82430183E5BB902F18043013BEC
:10FCC0000CAA02EB830353F8042D013C183E002AD2
:10FCD000F9D030469FED660B00F0F6F9002C57EC9A
:10FCE000106BC0F2C48104F1010A0CAB03EB8A056E
:10FCF0004FEACA0270ABDFF8889103EBCA0A4FF0F3
:10FD00000008934655F8040DF0F7ACFB32463B462D
:10FD1000F0F7E2FD4B466AE90201424630463946B9
:10FD2000F0F7DAFD0CAB9D4206460F46EAD1ABF187
:10FD3000080370A95A4601EB030A0DF590784FF0BD
:10FD40000009CDE9064243465246A346CA46DDF8BD
:10FD50001490CDF81480B9F1000FC0F28380DFF861
:10FD6000248100931746002600240025029201E01A
:10FD7000564510DCF7E80223F8E80201F0F7ACFD85
:10FD800002460B4620462946F0F720FA0136B145D7
:10FD900004460D46ECDA009B029A0BF1FF3BBBF1E7
:10FDA000FF3FE3E802450AF1010AA2F10802D2D1BD
:10FDB000A29BDDF81480022BDDE9064264DC002BF7
:10FDC0002FDC10D108EB02040020002174E902238B
:10FDD000F0F7FCF94445F9D1039B002B40F0378143
:10FDE0000B9BC3E90001049B03F007000DF5197D8F
:10FDF000BDE8F08F009B002B0AF1010AC8BF022565
:10FE00003FF7E6AE42464B461B490020F0F7DCF9CF
:10FE10000225804689464FE600216FF017030891BE
:10FE200059E508EB02050026002775E90223304654
:10FE30003946F0F7CBF9454506460F46F5D13B4626
:10FE4000D5E900013246F0F7BFF9039B002B00F023
:10FE5000E2800B9D07F10043C5E90063002C40F0F0
:10FE6000DE80E7E00024002597E700BFAFF30080C5
:10FE7000000000000000F03F0000F03F0000E03F05
:10FE80000000703E380D0108A29B032BABD1002C63
:10FE900000F0FD8008EBC4054FEAC40AD5E900670D
:10FEA000CDE905A50095A946029479E902453046B9
:10FEB000394622462B46F0F789F9B246BB4606463C
:10FEC0000F4632463B4620462946F0F77DF952461A
:10FED0005B46F0F77BF9C145C9E90201C9E9006752
:10FEE000E3D1029C012CDDE905A500F0D080D5E925
:10FEF0000045009E08F1080B474676E90289204636
:10FF0000294642464B46CDE90045F0F75FF90446E5
:10FF10000D4622462B4640464946F0F755F9DDE9A5
:10FF20000023F0F753F9B345C6E90201C6E90045DD
:10FF3000E3D10AF10804B8463C4407F1100500205B
:10FF4000002174E90223F0F741F9A542F9D1039B9E
:10FF5000D8E90067D8E90245002B47D10B9BC3E9DC
:10FF60000401C3E90067C3E90245049B03F00700ED
:10FF70000DF5197DBDE8F08F704249EC108BCDE98D
:10FF8000035A00F0A1F855EC104B4B4B00222046D1
:10FF90002946F0F727FFF8B1484B002220462946B2
:10FFA000F0F79AFCF0F748FF0746F0F75BFA424B90
:10FFB0000022F0F791FC02460B4620462946F0F756
:10FFC00003F9F0F739FF009B0CAA5C1C42F82300F0
:10FFD000183642F824707CE620462946F0F72CFFBC
:10FFE000009B0CAA1C4642F8230072E632460B9E88
:10FFF00007F10043C6E9002305F10043C6E90243C7
:020000040801F1
:1000000001F10043C6E90403049B03F007000DF56A
:10001000197DBDE8F08F0B9BC3E900676CB14AAE58
:100020000125F6E802230135F0F7D0F8AC42F8DA02
:10003000039B13B101F1004319460B9BC3E9020175
:10004000049B03F007000DF5197DBDE8F08F01F169
:1000500000431946C4E6022D7FF42EAD02460B463E
:1000600000201749F0F7B0F88046894624E5A29BA6
:10007000022B06DC002B0DDC7FF4B5AE0020002146
:10008000AAE6A29B032B7FF4AEAE0DF5907800207C
:1000900000215CE7039BDDE9480133B10B9C0022A2
:1000A0004FF00043C4E90023C4E70B9C0022002367
:1000B000C4E90023C1E700BF000070410000703EAA
:1000C0000000F03F0000000070B555EC104BC5F388
:1000D0000A5206462B4672BB25F00043234329D023
:1000E0003B4B204629460022F0F7F6FB394B9E4257
:1000F00004460D4652DBC1F30A520B46363A4CF227
:1001000050318E4223DC164440F2FE7296421EDCD1
:10011000002E34DC16F1350F38DB6FF31E53363604
:1001200043EA065520462C4B29460022F0F7D4FB23
:1001300041EC100B70BD40F2FF718A42DFD12246C4
:1001400020462946F0F742F841EC100B70BD002D17
:1001500017A1D1E9000107DB15A3D3E90023F0F7CC
:10016000BBFB41EC100B70BD13A1D1E9000110A342
:10017000D3E90023F0F7B0FB41EC100BF3E76FF38A
:100180001E5343EA065545EC104B70BD002D0CA1E3
:10019000D1E9000102DA0CA1D1E9000108A3D3E9F9
:1001A0000023F0F799FB41EC100B70BDAFF300801A
:1001B0009C7500883CE4377E9C7500883CE437FEE3
:1001C00059F3F8C21F6EA50159F3F8C21F6EA5813D
:1001D00000005043B03CFFFF0000903C00000000D6
:1001E00051EC100BC1F30A532DE9F041A3F2FF3596
:1001F000132D0C46064632DC002D20DB384B43FA2B
:1002000005F801EA080303430F462DD032A3D3E9D2
:100210000023EFF7DBFF00220023F0F7EDFD40B1F4
:10022000002C03DA4FF480132B411F4427EA080403
:1002300000262346324643EC102BBDE8F08126A36E
:10024000D3E90023EFF7C2FF00220023F0F7D4FD2B
:100250000028EED0002C2ADB00263446E9E7332DB7
:1002600006DDB5F5806F1BD041EC100BBDE8F081C9
:10027000A3F213434FF0FF37DF400742F4D016A339
:10028000D3E90023EFF7A2FF00220023F0F7B4FD2B
:100290000028CED0002C334610DB23EA0706C8E73F
:1002A00002460B46EFF792FF41EC100BDEE724F01D
:1002B000004426430DD14FF00044BAE7142D06D078
:1002C000C5F134050122AA401344B342E5D20134FA
:1002D000E3E7044C0026ACE79C7500883CE4377EDD
:1002E000FFFF0F000000F0BFF8B500BFF8BC08BC6E
:1002F0009E467047F8B500BFF8BC08BC9E467047E4
:10030000100501083D110008000000000000000079
:10031000800000000000000000000000000501084F
:10032000896B0008FDFF0000000000008000000055
:100330000000000000000000F00401085D840008D7
:10034000FDFF0000000000000001000000000000B0
:1003500000000000E404010811750008FDFF000022
:10036000000000008000000000000000000000000D
:10037000D4040108CD6C0008FDFF0000000000005F
:10038000800000000000000000000000C40401081C
:10039000FD740008FDFF0000000000008000000068
:1003A0000000000000000000B40401088D74000883
:1003B000FDFF000000000000000100000000000040
:1003C00000000000A8040108A57D0008FDFF000052
:1003D000000000000001000000000000000000001C
:1003E0009804010871830008FDFF00000000000070
:1003F00080000000000000000000000090040108E0
:10040000E57F0008FDFF0000000000008000000004
:100410000000000000000000880401084982000874
:10042000FDFF000000000000800000000000000050
:10043000000000007C0401088D620008FDFF000040
:1004400000000000000100000000000000000000AB
:100450006C04010891840008FDFF0000000000000A
:1004600000010000000000000000000061696D5FF5
:10047000756172745F7461736B000000696D755F04
:100480006461746100000000736572766F000000A3
:10049000726566657265650073686F6F745F636F20
:1004A0006E5F7461736B000067696D62616C5461AB
:1004B000736B0000636861737369734D6F746F725F
:1004C000546173006572725F6465635F7461736B1E
:1004D0000000000063616E5F73656E745F7461732A
:1004E0006B0000006765745F72635F7461736B001B
:1004F000756172745F73656E745F74657374000008
:10050000626F6172645F4C45445F7461736B00009D
:1005100064656661756C745461736B0049444C4545
:100520000000000025642C25642C25642C25642003
:100530000D0A0000494E4600696E66004E414E00AD
:100540006E616E003031323334353637383961629E
:10055000636465660000000030313233343536376D
:10056000383941424344454600000000286E756C0E
:100570006C290000300000002E0000004C435F4357
:100580004F4C4C41544500004C435F435459504537
:10059000000000004C435F4D4F4E455441525900FE
:1005A0004C435F4E554D4552494300004C435F5408
:1005B000494D45004C435F4D45535341474553001A
:1005C000496E66696E697479000000004E614E00E4
:1005D00042616C6C6F632073756363656564656409
:1005E000000000002F646174612F6A656E6B696E94
:1005F000732F776F726B73706163652F474E552D44
:10060000746F6F6C636861696E2F61726D2D313329
:100610002F7372632F6E65776C69622D63796777CC
:10062000696E2F6E65776C69622F6C6962632F73D8
:1006300074646C69622F64746F612E630000000043
:100640002F646174612F6A656E6B696E732F776FAB
:10065000726B73706163652F474E552D746F6F6CAD
:10066000636861696E2F61726D2D31332F73726310
:100670002F6E65776C69622D63796777696E2F6E6F
:1006800065776C69622F6C6962632F7374646C693F
:10069000622F6D707265632E630000002C206675FA
:1006A0006E6374696F6E3A200000000061737365B9
:1006B0007274696F6E2022257322206661696C65F1
:1006C000643A2066696C6520222573222C206C69AF
:1006D0006E65202564257325730A00000000000064
:1006E00001020304000000000000000001020304F6
:1006F0000607080900061016000610160F0008105D
:10070000820911000A15800B16000C18010D00005B
:100710007D04017C000240AB0341000553080658EC
:10072000040700000000891112239B322446AD57B4
:100730003665BF74488CC19D5AAFD3BE6CCAE5DB29
:100740007EE9F7F88110080193331A22A5562C4749
:10075000B7753E64C99C408DDBBF52AEEDDA64CB09
:10076000FFF976E802218B30100299132667AF76E5
:100770003444BD554AADC3BC588ED19F6EEBE7FAE9
:100780007CC8F5D983310A2091121803A7772E6609
:10079000B5543C45CBBD42ACD99E508FEFFB66EAC9
:1007A000FDD874C904428D5316619F702004A915A9
:1007B0003227BB364CCEC5DF5EEDD7FC6888E199A9
:1007C0007AABF3BA85520C4397711E60A1142805C9
:1007D000B3373A26CDDE44CFDFFD56ECE998608989
:1007E000FBBB72AA06638F7214409D512225AB3465
:1007F0003006B9174EEFC7FE5CCCD5DD6AA9E3B869
:10080000788AF19B87730E6295501C41A3352A2488
:10081000B1163807CFFF46EEDDDC54CDEBB962A848
:10082000F99A708B088481951AA793B62CC2A5D328
:100830003EE1B7F04008C919522BDB3A644EED5F38
:10084000766DFF7C899400859BB712A6ADD224C338
:10085000BFF136E0C1184809D33B5A2AE55E6C4F18
:10086000F77D7E6C0AA583B4188691972EE3A7F2D4
:100870003CC0B5D14229CB38500AD91B666FEF7EF8
:10088000744CFD5D8BB502A499961087AFF326E2F8
:10089000BDD034C1C3394A28D11A580BE77F6E6ED8
:1008A000F55C7C4D0CC685D71EE597F42880A19198
:1008B0003AA3B3B2444ACD5B5669DF78600CE91DB8
:1008C000722FFB3E8DD604C79FF516E4A9902081B8
:1008D000BBB332A2C55A4C4BD7795E68E11C680D98
:1008E000F33F7A2E0EE787F61CC495D52AA1A3B054
:1008F0003882B193466BCF7A5448DD59622DEB3C78
:10090000700EF91F8FF706E69DD414C5ABB122A077
:10091000B9923083C77B4E6AD5585C49E33D6A2C57
:10092000F11E780F303030303030303030303030F1
:100930003030303020202020202020202020202077
:100940002020202005000000190000007D0000008C
:100950000080E03779C34143176E05B5B5B89346BB
:10096000F5F93FE9034F384D321D30F94877825A87
:100970003CBF737FDD4F1575000000000000F03FA5
:10098000000000000000244000000000000059406A
:100990000000000000408F40000000000088C340BD
:1009A00000000000006AF8400000000080842E4132
:1009B00000000000D01263410000000084D797417E
:1009C0000000000065CDCD41000000205FA0024284
:1009D000000000E876483742000000A2941A6D42F9
:1009E000000040E59C30A2420000901EC4BCD642EC
:1009F00000003426F56B0C430080E03779C3414397
:100A000000A0D8855734764300C84E676DC1AB430C
:100A1000003D9160E458E143408CB5781DAF15442A
:100A200050EFE2D6E41A4B4492D54D06CFF0804405
:100A3000F64AE1C7022DB544B49DD9794378EA441A
:100A4000002020202020202020202828282828209E
:100A50002020202020202020202020202020202096
:100A600020881010101010101010101010101010FE
:100A700010040404040404040404041010101010EE
:100A800010104141414141410101010101010101B8
:100A9000010101010101010101010101101010100A
:100AA000101042424242424202020202020202028A
:100AB00002020202020202020202020210101010DE
:100AC0002000000000000000000000000000000006
:100AD0000000000000000000000000000000000016
:100AE0000000000000000000000000000000000006
:100AF00000000000000000000000000000000000F6
:100B000000000000000000000000000000000000E5
:100B100000000000000000000000000000000000D5
:100B200000000000000000000000000000000000C5
:100B300000000000000000000000000000000000B5
:100B40000000000030303030303030303030303065
:100B50003030303020202020202020202020202055
:100B6000202020200000000059F3F8C21F6EA501CC
:100B7000000000000000F03FFB21F93FFB2109408D
:100B80007CD91240FB2119407A6A1F407CD922404F
:100B9000BBFD2540FB2129403A462C407A6A2F4074
:100BA0005C4731407CD932409C6B3440BBFD3540C2
:100BB000DB8F3740FB2139401BB43A403A463C407A
:100BC0005AD83D407A6A3F404C7E40405C474140A5
:100BD0006C1042407CD942408CA243409C6B444004
:100BE000AC344540BBFD4540CBC64640DB8F47405B
:100BF000EB584840FB21494083F9A200444E6E0067
:100C0000FC291500D1572700DD34F50062DBC00058
:100C10003C999500419043006351FE00BBDEAB0060
:100C2000B761C5003A6E2400D24D42004906E0008B
:100C300009EA2E001C92D100EB1DFE0029B11C0018
:100C4000E83EA700F535820044BB2E009CE98400F5
:100C5000B4267000417E5F00D6913900538339007D
:100C60009CF439008B5F840028F9BD00F81F3B001D
:100C7000DEFF97000F980500112FEF000A5A8B0036
:100C80006D1F6D00CF7E360009CB2700464FB700A1
:100C90009E663F002DEA5F00BA277500E5EBC700AE
:100CA0003D7BF100F739070092528A00FB6BEA00A6
:100CB0001FB15F00085D8D00300356007BFC4600CD
:100CC000F0AB6B0020BCCF0036F49A00E3A91D0006
:100CD0005E619100081BE60085996500A0145F0025
:100CE0008D40680080D8FF0027734D000606310054
:100CF000CA561500C9A873007BE260006B8CC00067
:100D000000000080DB0F4940DB0F49C0DB0F49BF0B
:100D1000E4CB1640E4CB16C06937AC3168212233EE
:100D2000B40F14336821A2333863ED3EDA0F493F24
:100D30005E987B3FDA0FC93F00000040FB21F93F7E
:100D4000000000002D44743E000000809846F83CEE
:100D50000000006051CC783B00000080831BF0391C
:100D60000000004020257A38000000802282E3360F
:100D7000000000001DF369350200000003000000C0
:080D8000040000000600000061
:080D880084F8FE7F0100000069
:080D9000298C0008F10E000897
:040D9800C90E000878
:100D9C000000803F00000000000000000000000088
:100DAC00010000000024F40001000000100000000D
:100DBC00AAAAAAAA58A08B3AE7416B3A0000803F36
:100DCC000000404000000000000000000000A040B7
:100DDC00CDCCCC3D000000000000A040CDCCCC3DE3
:100DEC00000000000000A040CDCCCC3D0000000075
:100DFC000000A040CDCCCC3D000000000000A04085
:100E0C00CDCCCC3D000000000000A040CDCCCC3DB2
:100E1C00000000000000A040CDCCCC3D0000000044
:100E2C000000A040CDCCCC3D000000000000A04054
:100E3C00CDCCCC3D000000000000A040CDCCCC3D82
:100E4C0000000000CDCCCC3D0000000000000000F4
:100E5C0000007041000000000000000000E0AB4604
:100E6C0000002041000000009A99993E000000000B
:100E7C000000A0400000A040CDCCCC3D0000000004
:100E8C000000000003000000F455002000010020C9
:100E9C0000000000F45500205C560020C4560020D1
:100EAC000000000000000000000000000000000036
:100EBC000000000000000000000000000000000026
:100ECC000000000000000000000000000000000016
:100EDC000000000000000000000000000000000006
:100EEC0000000000000000000000000000000000F6
:100EFC0000000000000000000000000000000000E6
:100F0C0000000000000000000000000000000000D5
:100F1C0000000000000000000000000000000000C5
:100F2C0000000000000000000100000000000000B4
:100F3C000E33CDAB34126DE6ECDE05000B00000079
:100F4C000000000000000000000000000000000095
:100F5C000000000000000000000000000000000085
:100F6C000000000000000000000000000000000075
:100F7C000000000000000000000000000000000065
:100F8C000000000000000000000000000000000055
:100F9C000000000000000000000000000000000045
:100FAC000000000000000000000000000000000035
:100FBC000000000000000000000000000000000025
:100FCC000000000000000000000000000000000015
:100FDC0038570020FFFFFFFF000002000000000058
:100FEC000000000000000000500200205002002011
:100FFC0058020020580200206002002060020020ED
:10100C00680200206802002070020020700200209C
:10101C00780200207802002080020020800200204C
:10102C0088020020880200209002002090020020FC
:10103C009802002098020020A0020020A0020020AC
:10104C00A8020020A8020020B0020020B00200205C
:10105C00B8020020B8020020C0020020C00200200C
:10106C00C8020020C8020020D0020020D0020020BC
:10107C00D8020020D8020020E0020020E00200206C
:10108C00E8020020E8020020F0020020F00200201C
:10109C00F8020020F80200200003002000030020CA
:1010AC000803002008030020100300201003002078
:1010BC001803002018030020200300202003002028
:1010CC0028030020280300203003002030030020D8
:1010DC003803002038030020400300204003002088
:1010EC004803002048030020500300205003002038
:1010FC0058030020580300206003002060030020E8
:10110C006803002068030020700300207003002097
:10111C007803002078030020800300208003002047
:10112C0088030020880300209003002090030020F7
:10113C009803002098030020A0030020A0030020A7
:10114C00A8030020A8030020B0030020B003002057
:10115C00B8030020B8030020C0030020C003002007
:10116C00C8030020C8030020D0030020D0030020B7
:10117C00D8030020D8030020E0030020E003002067
:10118C00E8030020E8030020F0030020F003002017
:10119C00F8030020F80300200004002000040020C5
:1011AC000804002008040020100400201004002073
:1011BC001804002018040020200400202004002023
:1011CC0028040020280400203004002030040020D3
:1011DC003804002038040020400400204004002083
:1011EC004804002048040020500400205004002033
:1011FC0058040020580400206004002060040020E3
:10120C006804002068040020700400207004002092
:10121C007804002078040020800400208004002042
:10122C0088040020880400209004002090040020F2
:10123C009804002098040020A0040020A0040020A2
:10124C00A8040020A8040020B0040020B004002052
:10125C00B8040020B8040020C0040020C004002002
:10126C00C8040020C8040020D0040020D0040020B2
:10127C00D8040020D8040020E0040020E004002062
:10128C00E8040020E8040020F0040020F004002012
:10129C00F8040020F80400200005002000050020C0
:1012AC00080500200805002010050020100500206E
:1012BC00180500201805002020050020200500201E
:1012CC0028050020280500203005002030050020CE
:1012DC00380500203805002040050020400500207E
:1012EC00480500204805002050050020500500202E
:1012FC0058050020580500206005002060050020DE
:10130C00680500206805002070050020700500208D
:10131C00780500207805002080050020800500203D
:10132C0088050020880500209005002090050020ED
:10133C009805002098050020A0050020A00500209D
:10134C00A8050020A8050020B0050020B00500204D
:10135C00B8050020B8050020C0050020C0050020FD
:10136C00C8050020C8050020D0050020D0050020AD
:10137C00D8050020D8050020E0050020E00500205D
:10138C00E8050020E8050020F0050020F00500200D
:10139C00F8050020F80500200006002000060020BB
:1013AC000806002008060020100600201006002069
:1013BC001806002018060020200600202006002019
:1013CC0028060020280600203006002030060020C9
:1013DC003806002038060020400600204006002079
:1013EC0048060020480600204300000000000000D2
:1013FC0000000000000000000000000000000000E1
:10140C00000000000000000043000000000000008D
:10141C0000000000000000000000000000000000C0
:10142C00000000000000000043000000000000006D
:10143C0000000000000000000000000000000000A0
:10144C00000000000000000043000000000000004D
:10145C000000000000000000000000000000000080
:10146C00000000000000000043000000000000002D
:10147C000000000000000000000000000000000060
:10148C00000000000000000043000000000000000D
:10149C000000000000000000000000000000000040
:1014AC0000000000000000004300000000000000ED
:1014BC000000000000000000000000000000000020
:1014CC00000000000000000089CB0008D1C3000818
:1014DC0000000000400A010878050108A806010870
:1014EC00A8060108A8060108A8060108A806010814
:1014FC00A8060108A8060108A8060108A806010804
:10150C00FFFFFFFFFFFFFFFFFFFFFFFFFFFF0000DD
:10151C000100415343494900000000000000000055
:10152C0000000000000000000000000000000000AF
:10153C000000415343494900000000000000000036
:10154C00000000000000000000000000000000008F
:04155C00000000008B
:040000050800207956
:00000001FF
